time_us,x,y,rz_rad,s0,s1,s2,s3
4006859.000000,246.000000,144.000000,0.000000,33.992920,33.989014,37.468800,37.458843
4019655.000000,246.000000,144.000000,0.000000,33.992920,33.989014,37.468800,37.458843
4040455.000000,246.000000,144.000000,0.000000,33.992920,33.989014,37.468800,37.458843
4054155.000000,246.000000,144.000000,0.000000,33.992920,33.989014,37.468800,37.458843
4068154.000000,246.000000,144.000000,0.000000,33.992920,33.989014,37.468800,37.458843
4088947.000000,246.000000,144.000000,0.000000,33.992920,33.989014,37.468800,37.458843
4102799.000000,246.000000,144.000000,0.000000,33.992920,33.989014,37.468800,37.458843
4123696.000000,246.000000,144.000000,0.000000,33.992920,33.989014,37.468800,37.458843
4137484.000000,246.000000,144.000000,0.000000,33.992920,33.989014,37.468800,37.458843
4151475.000000,246.000000,144.000000,0.000000,33.992920,33.989014,37.468800,37.458843
4172216.000000,246.000000,144.000000,0.000000,33.992920,33.989014,37.468800,37.458843
4186087.000000,246.000000,144.000000,0.000000,33.992920,33.989014,37.468800,37.458843
4206921.000000,246.000000,144.000000,0.000000,33.992920,33.989014,37.468800,37.458843
4220703.000000,246.000000,144.000000,0.000000,33.992920,33.989014,37.468800,37.458843
4234723.000000,246.000000,144.000000,0.000000,33.992920,33.989014,37.468800,37.458843
4255504.000000,246.000000,144.000000,0.000000,33.992920,33.989014,37.468800,37.458843
4269342.000000,246.000000,144.000000,0.000000,33.992920,33.989014,37.468800,37.458843
4290126.000000,246.000000,144.000000,0.000000,33.992920,33.989014,37.468800,37.458843
4303944.000000,246.000000,144.000000,0.000000,33.992920,33.989014,37.468800,37.458843
4317924.000000,246.000000,144.000000,0.000000,33.992920,33.989014,37.468800,37.458843
4338718.000000,246.000000,144.000000,0.000000,33.992920,33.989014,37.468800,37.458843
4352621.000000,246.000000,144.000000,0.000000,33.992920,33.989014,37.468800,37.458843
4373396.000000,246.000000,144.000000,0.000000,33.992920,33.989014,37.468800,37.458843
4387179.000000,246.000000,144.000000,0.000000,33.992920,33.989014,37.468800,37.458843
4401171.000000,246.000000,144.000000,0.000000,33.992920,33.989014,37.468800,37.458843
4421998.000000,246.000000,144.000000,0.000000,33.992920,33.989014,37.468800,37.458843
4435951.000000,246.000000,144.000000,0.000000,33.992920,33.989014,37.468800,37.458843
4456677.000000,246.000000,144.000000,0.000000,33.992920,33.989014,37.468800,37.458843
4470429.000000,246.000000,144.000000,0.000000,33.992920,33.989014,37.468800,37.458843
4484400.000000,246.000000,144.000000,0.000000,33.992920,33.989014,37.468800,37.458843
4505242.000000,246.000000,144.000000,0.000000,33.992920,33.989014,37.468800,37.458843
4519066.000000,246.000000,144.000000,0.000000,33.992920,33.989014,37.468800,37.458843
4539849.000000,246.000000,144.000000,0.000000,33.992920,33.989014,37.468800,37.458843
4553683.000000,246.000000,144.000000,0.000000,33.992920,33.989014,37.468800,37.458843
4567655.000000,246.000000,144.000000,0.000000,33.992920,33.989014,37.468800,37.458843
4588486.000000,246.000000,144.000000,0.000000,33.992920,33.989014,37.468800,37.458843
4602341.000000,246.000000,144.000000,0.000000,33.992920,33.989014,37.468800,37.458843
4623141.000000,246.000000,144.000000,0.000000,33.992920,33.989014,37.468800,37.458843
4636907.000000,246.000000,144.000000,0.000000,33.992920,33.989014,37.468800,37.458843
4650913.000000,246.000000,144.000000,0.000000,33.992920,33.989014,37.468800,37.458843
4671735.000000,246.000000,144.000000,0.000000,33.992920,33.989014,37.468800,37.458843
4685643.000000,246.000000,144.000000,0.000000,33.992920,33.989014,37.468800,37.458843
4706378.000000,246.000000,144.000000,0.000000,33.992920,33.989014,37.468800,37.458843
4720124.000000,246.000000,144.000000,0.000000,33.992920,33.989014,37.468800,37.458843
4734124.000000,246.000000,144.000000,0.000000,33.992920,33.989014,37.468800,37.458843
4755026.000000,246.000000,144.000000,0.000000,33.992920,33.989014,37.468800,37.458843
4769049.000000,246.000000,144.000000,0.000000,33.992920,33.989014,37.468800,37.458843
4789601.000000,246.000000,144.000000,0.013090,33.735676,34.255375,36.808201,38.149769
4803406.000000,246.000000,144.000000,0.026180,33.487576,34.531116,36.176991,38.872925
4817388.000000,246.000000,144.000000,0.039270,33.248589,34.816265,35.573879,39.629955
4838192.000000,246.000000,144.000000,0.052360,33.018600,35.110977,34.997681,40.422523
4852175.000000,246.000000,144.000000,0.065450,32.797569,35.415386,34.447174,41.252575
4872911.000000,246.000000,144.000000,0.078540,32.585426,35.729549,33.921318,42.121933
4886636.000000,246.000000,144.000000,0.091630,32.382172,36.053703,33.419167,43.032898
4900616.000000,246.000000,144.000000,0.104720,32.187698,36.387920,32.939747,43.987621
4921414.000000,246.000000,144.000000,0.117810,32.001991,36.732349,32.482128,44.988697
4935493.000000,246.000000,144.000000,0.130900,31.825077,37.087196,32.045544,46.038761
4956192.000000,246.000000,144.000000,0.143990,31.656904,37.452625,31.629177,47.140717
4969982.000000,246.000000,144.000000,0.157080,31.497448,37.828815,31.232309,48.297733
4983881.000000,246.000000,144.000000,0.170170,31.346703,38.215935,30.854233,49.513195
5004797.000000,246.000000,144.000000,0.183260,31.204695,38.614193,30.494373,50.790878
5018722.000000,246.000000,144.000000,0.196350,31.071432,39.023823,30.152014,169.404434
5039432.000000,246.000000,144.000000,0.209440,30.946901,39.445068,29.826637,167.560165
5053243.000000,246.000000,144.000000,0.222530,30.831217,39.878136,29.517708,165.778671
5067096.000000,246.000000,144.000000,0.235619,30.724318,40.323330,29.224655,164.057755
5087929.000000,246.000000,144.000000,0.248709,30.626274,40.780815,28.947020,162.395294
5101821.000000,246.000000,144.000000,0.261799,30.537207,41.250954,28.684406,160.789429
5122628.000000,246.000000,144.000000,0.274889,30.457073,41.734028,28.436319,159.238312
5136417.000000,246.000000,144.000000,0.287979,30.386038,42.230282,28.202381,157.740143
5150484.000000,246.000000,144.000000,0.301069,30.324123,42.740158,27.982182,156.293442
5171185.000000,246.000000,144.000000,0.314159,30.271439,43.263859,27.775389,154.896469
5185031.000000,246.000000,144.000000,0.327249,30.228035,43.801830,27.581635,153.547867
5205839.000000,246.000000,144.000000,0.340339,30.194071,44.354382,27.400650,152.246155
5219654.000000,246.000000,144.000000,0.353429,30.169674,44.921955,27.232056,150.990097
5233628.000000,246.000000,144.000000,0.366519,30.154938,45.504967,27.075628,149.778320
5254497.000000,246.000000,144.000000,0.379609,30.149981,46.103806,26.931101,148.609726
5268311.000000,246.000000,144.000000,0.392699,30.155025,46.718948,26.798176,147.483124
5289207.000000,246.000000,144.000000,0.405789,30.170195,47.350853,26.676697,146.397491
5302893.000000,246.000000,144.000000,0.418879,30.195648,48.000057,26.566332,145.351761
5316900.000000,246.000000,144.000000,0.431969,30.231583,48.667038,26.466961,144.344971
5337748.000000,246.000000,144.000000,0.445059,30.278194,49.352379,26.378374,143.376205
5351553.000000,246.000000,144.000000,0.458149,30.335730,50.056622,26.300322,142.444687
5372464.000000,246.000000,144.000000,0.471239,30.404371,50.780403,26.232737,141.549500
5386123.000000,246.000000,144.000000,0.484329,30.484428,51.524376,26.175417,140.689850
5400132.000000,246.000000,144.000000,0.497419,30.576061,52.289154,26.128147,139.865067
5420948.000000,246.000000,144.000000,0.510509,30.679665,53.075512,26.090904,139.074478
5434801.000000,246.000000,144.000000,0.523599,30.795425,53.884148,26.063541,-1.000000
5455688.000000,246.000000,144.000000,0.536689,30.923763,54.715874,26.045856,-1.000000
5469380.000000,246.000000,144.000000,0.549779,31.064968,55.571514,26.037819,-1.000000
5483374.000000,246.000000,144.000000,0.562868,31.219351,56.451904,26.039322,-1.000000
5504320.000000,246.000000,144.000000,0.575958,31.387342,176.666092,26.050257,-1.000000
5518180.000000,246.000000,144.000000,0.589048,31.569353,178.630951,26.070589,-1.000000
5539194.000000,246.000000,144.000000,0.602138,31.765776,180.662476,26.100239,-1.000000
5552693.000000,246.000000,144.000000,0.615228,31.977123,182.763199,26.139097,-1.000000
5566859.000000,246.000000,144.000000,0.628318,32.203835,184.935730,26.187197,-1.000000
5587607.000000,246.000000,144.000000,0.641408,32.446465,187.182922,26.244385,-1.000000
5601507.000000,246.000000,144.000000,0.654498,32.705532,189.507706,26.310709,-1.000000
5622083.000000,246.000000,144.000000,0.667588,32.981636,191.913254,26.386129,-1.000000
5636158.000000,246.000000,144.000000,0.680678,33.275375,194.402939,26.470619,-1.000000
5650189.000000,246.000000,144.000000,0.693768,33.587479,196.980164,26.564127,-1.000000
5671030.000000,246.000000,144.000000,0.706858,33.918594,196.840347,26.666729,-1.000000
5684593.000000,246.000000,144.000000,0.719948,34.269489,193.843811,26.778399,-1.000000
5705516.000000,246.000000,144.000000,0.733038,34.640999,190.975327,26.899134,-1.000000
5719264.000000,246.000000,144.000000,0.746128,35.033947,188.228485,27.028952,-1.000000
5733459.000000,246.000000,144.000000,0.759218,35.449265,185.597290,27.167877,-1.000000
5754160.000000,246.000000,144.000000,0.772308,35.887970,183.075958,27.315968,-1.000000
5768035.000000,246.000000,144.000000,0.785398,36.351109,180.659409,27.473267,-1.000000
5788629.000000,246.000000,144.000000,0.798488,36.839729,178.342575,27.639822,-1.000000
5802601.000000,246.000000,144.000000,0.811578,37.355137,176.121033,27.815687,-1.000000
5816367.000000,246.000000,144.000000,0.824668,37.898579,173.990448,28.000933,-1.000000
5837331.000000,246.000000,144.000000,0.837758,38.471470,171.946793,28.195629,-1.000000
5851052.000000,246.000000,144.000000,0.850848,39.075256,169.986313,28.399834,-1.000000
5871870.000000,246.000000,144.000000,0.863937,39.711601,168.105469,28.613697,-1.000000
5885614.000000,246.000000,144.000000,0.877027,40.382206,166.301086,28.837263,-1.000000
5899723.000000,246.000000,144.000000,0.890117,41.088963,164.569962,29.070704,-1.000000
5920385.000000,246.000000,144.000000,0.903207,41.833866,162.909256,29.314106,-1.000000
5934482.000000,246.000000,144.000000,0.916297,42.619106,161.316101,29.567575,-1.000000
5955181.000000,246.000000,144.000000,0.929387,43.447109,159.788071,29.831251,-1.000000
5968947.000000,246.000000,144.000000,0.942477,44.320343,158.322662,30.105314,-1.000000
5982993.000000,246.000000,144.000000,0.955567,45.241665,156.917618,30.389898,-1.000000
6003645.000000,246.000000,144.000000,0.968657,46.214073,155.570755,30.685173,-1.000000
6017524.000000,246.000000,144.000000,0.981747,47.240910,154.280136,30.991358,-1.000000
6038356.000000,246.000000,144.000000,0.994837,48.325768,153.043747,31.308519,-1.000000
6052148.000000,246.000000,144.000000,1.007927,49.472553,151.859833,31.636963,-1.000000
6066236.000000,246.000000,144.000000,1.021017,50.685623,150.726685,31.976908,-1.000000
6087052.000000,246.000000,144.000000,1.034107,51.969719,149.642670,32.328518,192.940674
6100889.000000,246.000000,144.000000,1.047197,53.330112,148.606262,32.692055,182.034378
6121573.000000,246.000000,144.000000,1.060287,54.772549,147.616089,33.067730,172.171539
6135373.000000,246.000000,144.000000,1.073377,56.303356,146.670731,33.455887,163.209702
6149343.000000,246.000000,144.000000,1.086467,166.824295,145.768982,33.856724,155.031128
6170162.000000,246.000000,144.000000,1.099557,165.300705,144.909546,34.270535,147.538086
6183995.000000,246.000000,144.000000,1.112647,163.827148,-1.000000,34.697712,140.648178
6204797.000000,246.000000,144.000000,1.125737,162.402115,-1.000000,35.138466,134.309311
6218612.000000,246.000000,144.000000,1.138827,161.024170,-1.000000,35.593178,128.429260
6232588.000000,246.000000,144.000000,1.151917,159.692093,-1.000000,36.062229,122.972275
6253439.000000,246.000000,144.000000,1.165007,158.404480,-1.000000,36.545971,117.894722
6267242.000000,246.000000,144.000000,1.178097,157.160309,-1.000000,37.044849,113.158676
6288281.000000,246.000000,144.000000,1.191187,155.958298,-1.000000,37.559204,108.731079
6301844.000000,246.000000,144.000000,1.204277,154.797424,-1.000000,38.089466,104.583076
6315832.000000,246.000000,144.000000,1.217367,153.676666,-1.000000,38.636166,100.689240
6336630.000000,246.000000,144.000000,1.230457,152.595047,-1.000000,39.199749,97.027176
6350736.000000,246.000000,144.000000,1.243547,151.551605,-1.000000,39.780720,93.577057
6371333.000000,246.000000,144.000000,1.256637,150.545547,-1.000000,40.379620,90.321289
6385285.000000,246.000000,144.000000,1.269727,149.576019,-1.000000,40.996994,87.244118
6399081.000000,246.000000,144.000000,1.282817,148.642212,-1.000000,41.633499,84.331390
6420096.000000,246.000000,144.000000,1.295907,147.743408,-1.000000,42.289696,81.570648
6433763.000000,246.000000,144.000000,1.308997,146.878876,-1.000000,42.966267,78.950386
6454706.000000,246.000000,144.000000,1.322087,146.047974,-1.000000,43.663910,76.460403
6468341.000000,246.000000,144.000000,1.335177,145.250092,-1.000000,44.383324,74.091446
6482330.000000,246.000000,144.000000,1.348267,145.351837,-1.000000,45.125340,71.835098
6503149.000000,246.000000,144.000000,1.361357,-1.000000,-1.000000,45.890743,69.683678
6517191.000000,246.000000,144.000000,1.374447,-1.000000,-1.000000,46.680397,67.630257
6537812.000000,246.000000,144.000000,1.387537,-1.000000,-1.000000,47.495182,65.668480
6551959.000000,246.000000,144.000000,1.400627,-1.000000,-1.000000,48.336094,63.792496
6565709.000000,246.000000,144.000000,1.413718,-1.000000,-1.000000,49.204132,61.997032
6586615.000000,246.000000,144.000000,1.426808,-1.000000,-1.000000,50.100433,60.277161
6600279.000000,246.000000,144.000000,1.439898,-1.000000,-1.000000,51.026039,58.628372
6621208.000000,246.000000,144.000000,1.452988,-1.000000,-1.000000,179.390884,57.046539
6634831.000000,246.000000,144.000000,1.466078,-1.000000,-1.000000,181.717148,55.527821
6649008.000000,246.000000,144.000000,1.479168,-1.000000,-1.000000,184.127518,54.068699
6669808.000000,246.000000,144.000000,1.492258,-1.000000,-1.000000,186.625687,52.665867
6683761.000000,246.000000,144.000000,1.505348,-1.000000,-1.000000,189.215347,51.316341
6704334.000000,246.000000,144.000000,1.518438,-1.000000,-1.000000,191.900696,50.017246
6718289.000000,246.000000,144.000000,1.531528,-1.000000,-1.000000,189.962738,48.766006
6732038.000000,246.000000,144.000000,1.544618,-1.000000,-1.000000,187.117798,47.560165
6752933.000000,246.000000,144.000000,1.557708,-1.000000,-1.000000,184.388702,46.397457
6766772.000000,246.000000,144.000000,1.570798,-1.000000,-1.000000,181.769821,45.275799
6787578.000000,246.000000,144.000000,1.583888,-1.000000,-1.000000,179.255966,44.193150
6801329.000000,246.000000,144.000000,1.596978,-1.000000,-1.000000,176.842255,43.282341
6815342.000000,246.000000,144.000000,1.610068,-1.000000,-1.000000,174.524231,42.269459
6836168.000000,246.000000,144.000000,1.623158,-1.000000,-1.000000,172.297623,41.290531
6850037.000000,246.000000,144.000000,1.636248,-1.000000,-1.000000,170.158508,40.344051
6870843.000000,246.000000,144.000000,1.649338,-1.000000,-1.000000,168.103104,39.428566
6884756.000000,246.000000,144.000000,1.662428,-1.000000,-1.000000,166.127945,38.542740
6898568.000000,246.000000,144.000000,1.675518,-1.000000,191.759354,164.229767,37.685299
6919348.000000,246.000000,144.000000,1.688608,-1.000000,168.528519,162.405411,36.855057
6933344.000000,246.000000,144.000000,1.701698,-1.000000,149.987122,160.652115,36.050922
6954095.000000,246.000000,144.000000,1.714788,-1.000000,134.900696,158.967041,35.271786
6967912.000000,246.000000,144.000000,1.727878,-1.000000,122.331940,157.347656,34.516674
6981850.000000,246.000000,144.000000,1.740968,-1.000000,111.725464,155.791550,33.784657
7002682.000000,246.000000,144.000000,1.754058,-1.000000,102.660637,154.296356,33.074841
7016516.000000,246.000000,144.000000,1.767148,-1.000000,94.829086,152.860077,32.386364
7037382.000000,246.000000,144.000000,1.780238,-1.000000,87.999649,151.480530,31.718451
7051065.000000,246.000000,144.000000,1.793328,-1.000000,81.995377,150.155884,31.070351
7065068.000000,246.000000,144.000000,1.806418,-1.000000,76.678856,148.884308,30.441326
7085843.000000,246.000000,144.000000,1.819508,-1.000000,71.941589,147.664063,29.830736
7099714.000000,246.000000,144.000000,1.832598,-1.000000,67.696671,146.493591,29.237926
7120542.000000,246.000000,144.000000,1.845688,-1.000000,63.873779,145.371292,28.662291
7134519.000000,246.000000,144.000000,1.858778,195.489243,60.415485,144.295792,28.103262
7148334.000000,246.000000,144.000000,1.871868,186.124008,57.274239,143.265701,27.560291
7169326.000000,246.000000,144.000000,1.884958,177.540237,54.410534,142.279663,27.032839
7183005.000000,246.000000,144.000000,1.898048,169.644165,51.791039,141.336533,26.520428
7204187.000000,246.000000,144.000000,1.911138,162.356461,49.387703,140.435120,26.022610
7217550.000000,246.000000,144.000000,1.924228,155.609497,47.457302,139.574326,25.538921
7231553.000000,246.000000,144.000000,1.937318,149.345215,45.403072,138.960434,25.068918
7252377.000000,246.000000,144.000000,1.950408,143.513870,43.504089,-1.000000,24.612230
7266411.000000,246.000000,144.000000,1.963498,138.088013,41.744904,-1.000000,24.168489
7287015.000000,246.000000,144.000000,1.976588,132.999527,40.112099,-1.000000,23.737280
7301024.000000,246.000000,144.000000,1.989678,128.229614,38.593750,-1.000000,23.318296
7314778.000000,246.000000,144.000000,2.002768,123.749489,37.179611,-1.000000,22.911222
7335783.000000,246.000000,144.000000,2.015858,119.533524,35.860516,-1.000000,22.515686
7349421.000000,246.000000,144.000000,2.028948,115.559120,34.628311,-1.000000,22.131433
7370326.000000,246.000000,144.000000,2.042038,111.806107,33.475910,-1.000000,21.758171
7384036.000000,246.000000,144.000000,2.055128,108.256622,32.396812,-1.000000,21.395636
7398239.000000,246.000000,144.000000,2.068218,104.894615,31.385380,-1.000000,21.043566
7418869.000000,246.000000,144.000000,2.081307,101.705612,30.436396,-1.000000,20.701693
7432919.000000,246.000000,144.000000,2.094397,98.676743,29.545290,-1.000000,20.369822
7453516.000000,246.000000,144.000000,2.107487,95.796219,28.707874,-1.000000,20.047716
7467507.000000,246.000000,144.000000,2.120577,93.053612,27.920399,-1.000000,19.735155
7481251.000000,246.000000,144.000000,2.133667,90.439186,27.179457,-1.000000,19.431973
7502300.000000,246.000000,144.000000,2.146757,87.944275,26.481928,-1.000000,19.137928
7515965.000000,246.000000,144.000000,2.159847,85.560928,25.825018,-1.000000,18.852892
7536768.000000,246.000000,144.000000,2.172937,83.281906,25.206127,-1.000000,18.576674
7550531.000000,246.000000,144.000000,2.186027,81.100533,24.622913,-1.000000,18.309113
7564689.000000,246.000000,144.000000,2.199116,79.010765,24.073210,-1.000000,18.050056
7585366.000000,246.000000,144.000000,2.212206,77.007042,23.555105,-1.000000,17.799353
7599417.000000,246.000000,144.000000,2.225296,75.084183,23.066708,-1.000000,17.556890
7620036.000000,246.000000,144.000000,2.238386,73.237457,22.606361,-1.000000,17.322506
7633764.000000,246.000000,144.000000,2.251476,71.462494,22.172550,-1.000000,17.096107
7647736.000000,246.000000,144.000000,2.264566,69.755280,21.763844,-1.000000,16.877594
7668781.000000,246.000000,144.000000,2.277656,68.112083,21.378948,-1.000000,16.666809
7682480.000000,246.000000,144.000000,2.290746,66.529404,21.016615,-1.000000,16.463715
7703292.000000,246.000000,144.000000,2.303836,65.004059,20.675747,-1.000000,16.268175
7717036.000000,246.000000,144.000000,2.316926,63.533031,20.355297,-1.000000,16.080130
7731017.000000,246.000000,144.000000,2.330015,62.113533,20.054293,-1.000000,15.899475
7751790.000000,246.000000,144.000000,2.343105,60.743008,19.771801,-1.000000,15.726171
7765696.000000,246.000000,144.000000,2.356195,59.419003,19.507055,-1.000000,15.560150
7786547.000000,246.000000,144.000000,2.369285,58.139263,19.259228,-1.000000,15.401314
7800320.000000,246.000000,144.000000,2.382375,56.901680,19.027569,-1.000000,15.249641
7814249.000000,246.000000,144.000000,2.395465,55.704292,18.811428,-1.000000,15.105105
7835067.000000,246.000000,144.000000,2.408555,54.545227,18.610199,-1.000000,14.967627
7848919.000000,246.000000,144.000000,2.421645,53.422722,18.423246,-1.000000,14.837173
7869846.000000,246.000000,144.000000,2.434735,52.335171,18.250011,-1.000000,14.713738
7883514.000000,246.000000,144.000000,2.447824,51.281059,18.090015,-1.000000,14.597294
7897511.000000,246.000000,144.000000,2.460914,50.258892,17.942741,-1.000000,14.487828
7918508.000000,246.000000,144.000000,2.474004,49.267361,17.807755,-1.000000,14.385296
7932180.000000,246.000000,144.000000,2.487094,48.428738,17.684624,-1.000000,14.289731
7953229.000000,246.000000,144.000000,2.500184,47.492386,17.572933,180.998642,14.201099
7966815.000000,246.000000,144.000000,2.513274,46.583118,17.472334,163.964493,14.119452
7980868.000000,246.000000,144.000000,2.526364,45.699833,17.382473,149.576645,14.044782
8001702.000000,246.000000,144.000000,2.539454,44.841534,17.302996,137.267593,13.977104
8015551.000000,246.000000,144.000000,2.552544,44.007225,17.233618,126.657021,13.916433
8036286.000000,246.000000,144.000000,2.565634,43.196033,17.174038,117.365913,13.862809
8050277.000000,246.000000,144.000000,2.578723,42.407055,17.124006,109.185692,13.816292
8064009.000000,246.000000,144.000000,2.591813,41.639465,17.083252,101.931198,13.776927
8085071.000000,246.000000,144.000000,2.604903,40.892521,17.051514,95.456375,13.744719
8098679.000000,246.000000,144.000000,2.617993,40.165485,17.028616,89.644272,13.719777
8119664.000000,246.000000,144.000000,2.631083,39.457596,17.014328,84.400253,13.702124
8133290.000000,246.000000,144.000000,2.644173,38.768280,17.008451,79.646873,13.691867
8147296.000000,246.000000,144.000000,2.657263,38.096840,17.010796,75.320129,13.689082
8168136.000000,246.000000,144.000000,2.670353,37.442722,17.021208,71.366859,13.693859
8182101.000000,246.000000,144.000000,2.683443,36.805302,17.039534,67.742287,13.706270
8202735.000000,246.000000,144.000000,2.696532,36.184052,17.065598,64.408432,13.726457
8216875.000000,246.000000,144.000000,2.709622,35.578506,17.099285,61.333199,13.754498
8230510.000000,246.000000,144.000000,2.722712,34.988117,17.140457,58.488792,13.790525
8251521.000000,246.000000,144.000000,2.735802,34.412430,17.188990,55.851425,13.834668
8265174.000000,246.000000,144.000000,2.748892,33.850990,17.244799,53.400517,13.887082
8285989.000000,246.000000,144.000000,2.761982,33.303402,17.307758,51.118008,13.947900
8299759.000000,246.000000,144.000000,2.775072,32.769234,17.377768,48.988243,14.017319
8313967.000000,246.000000,144.000000,2.788162,32.248093,17.454775,46.997299,14.095441
8334581.000000,246.000000,144.000000,2.801252,31.739616,17.538696,45.133030,14.182526
8348668.000000,246.000000,144.000000,2.814342,31.243498,17.629459,43.606216,14.278726
8369268.000000,246.000000,144.000000,2.827431,30.759319,17.726982,41.955101,14.384245
8383031.000000,246.000000,144.000000,2.840521,30.286840,17.831253,40.402355,14.499335
8396961.000000,246.000000,144.000000,2.853611,29.825689,17.942156,38.940292,14.624230
8417817.000000,246.000000,144.000000,2.866701,29.375607,18.059713,37.561958,14.759142
8431708.000000,246.000000,144.000000,2.879791,28.936314,18.183868,36.261173,14.904351
8452496.000000,246.000000,144.000000,2.892881,28.507530,18.314571,35.032257,15.060185
8466274.000000,246.000000,144.000000,2.905971,28.089024,18.451851,33.870144,15.226890
8480261.000000,246.000000,144.000000,2.919061,27.680531,18.595636,32.770298,15.404818
8501106.000000,246.000000,144.000000,2.932151,27.281847,18.745956,31.728462,15.594288
8514978.000000,246.000000,144.000000,2.945240,26.892715,18.902771,30.740845,15.795667
8535753.000000,246.000000,144.000000,2.958330,26.512947,19.066095,29.804016,16.009325
8549519.000000,246.000000,144.000000,2.971420,26.142336,19.235964,28.914772,16.235685
8563571.000000,246.000000,144.000000,2.984510,25.780718,19.412342,28.070187,16.475170
8584347.000000,246.000000,144.000000,2.997600,25.427887,19.595289,27.267628,16.728241
8598191.000000,246.000000,144.000000,3.010690,25.083664,19.784788,26.504595,16.995373
8618943.000000,246.000000,144.000000,3.023780,24.747871,19.980923,25.778881,17.277071
8632767.000000,246.000000,144.000000,3.036870,24.420403,20.183672,25.088367,17.573917
8646729.000000,246.000000,144.000000,3.049960,24.101059,20.393105,24.431120,17.886522
8667569.000000,246.000000,144.000000,3.063050,23.789719,20.609243,23.805416,18.215420
8681444.000000,246.000000,144.000000,3.076139,23.486271,20.832180,23.209564,18.561333
8702478.000000,246.000000,144.000000,3.089229,23.190542,21.061939,22.642035,18.924980
8715970.000000,246.000000,144.000000,3.102319,22.902460,21.298576,22.101437,19.307068
8730009.000000,246.000000,144.000000,3.115409,22.621893,21.542208,21.586432,19.708450
8750817.000000,246.000000,144.000000,3.128499,22.348719,21.792839,21.095797,20.129971
8764707.000000,246.000000,144.000000,3.141589,22.082840,22.050613,20.628439,20.572529
8785665.000000,246.000000,144.000000,-3.128506,21.824194,22.315599,20.183222,21.037134
8799313.000000,246.000000,144.000000,-3.115417,21.572681,22.587845,19.759161,21.524843
8813230.000000,246.000000,144.000000,-3.102327,21.328205,22.867493,19.355366,22.036787
8834235.000000,246.000000,144.000000,-3.089237,21.090679,23.154663,18.970917,22.574175
8847915.000000,246.000000,144.000000,-3.076147,20.860081,23.449425,18.605089,23.138298
8869003.000000,246.000000,144.000000,-3.063057,20.636326,23.751932,18.257019,23.730602
8882533.000000,246.000000,144.000000,-3.049967,20.419340,24.062290,17.926067,24.352583
8896440.000000,246.000000,144.000000,-3.036877,20.209078,24.380625,17.611517,25.005825
8917260.000000,246.000000,144.000000,-3.023787,20.005518,24.707109,17.312746,25.692165
8931369.000000,246.000000,144.000000,-3.010697,19.808590,25.041847,17.029209,26.413448
8951995.000000,246.000000,144.000000,-2.997607,19.618267,25.385033,16.760323,27.171778
8965984.000000,246.000000,144.000000,-2.984518,19.434513,25.736780,16.505541,27.969362
8979782.000000,246.000000,144.000000,-2.971428,19.257311,26.097324,16.264416,28.808645
9000823.000000,246.000000,144.000000,-2.958338,19.086653,26.466801,16.036476,29.692247
9014377.000000,246.000000,144.000000,-2.945248,18.922518,26.845434,15.821259,29.995491
9035197.000000,246.000000,144.000000,-2.932158,18.764885,27.233387,15.618390,29.348162
9049050.000000,246.000000,144.000000,-2.919068,18.613768,27.630890,15.427495,28.719906
9063172.000000,246.000000,144.000000,-2.905978,18.469189,28.038160,15.248160,28.110018
9083854.000000,246.000000,144.000000,-2.892888,18.331114,28.455427,15.080100,27.517839
9098131.000000,246.000000,144.000000,-2.879798,18.199594,28.882915,14.922961,26.942764
9118466.000000,246.000000,144.000000,-2.866709,18.074623,29.320900,14.776441,26.384212
9132508.000000,246.000000,144.000000,-2.853619,17.956257,29.769608,14.640264,25.841625
9146441.000000,246.000000,144.000000,-2.840529,17.844517,30.229374,14.514160,25.314468
9167098.000000,246.000000,144.000000,-2.827439,17.739426,30.700470,14.397880,24.802250
9180935.000000,246.000000,144.000000,-2.814349,17.641081,31.183161,14.291186,24.304483
9201719.000000,246.000000,144.000000,-2.801259,17.549482,31.677813,14.193854,23.820736
9215493.000000,246.000000,144.000000,-2.788169,17.464718,32.184734,14.105674,23.350561
9229701.000000,246.000000,144.000000,-2.775079,17.386856,32.704288,14.026437,22.893566
9250311.000000,246.000000,144.000000,-2.761989,17.315948,33.236816,13.955970,22.449348
9264161.000000,246.000000,144.000000,-2.748899,17.252123,33.782742,13.894119,22.017557
9284998.000000,246.000000,144.000000,-2.735810,17.195442,34.342445,13.840678,21.597826
9298734.000000,246.000000,144.000000,-2.722720,17.146008,33.700291,13.795512,21.189821
9312800.000000,246.000000,144.000000,-2.709630,17.103909,32.425888,13.758484,20.793224
9333593.000000,246.000000,144.000000,-2.696540,17.069315,31.237993,13.729478,20.407738
9347429.000000,246.000000,144.000000,-2.683450,17.042301,30.129229,13.708360,20.033073
9368219.000000,246.000000,144.000000,-2.670360,17.023014,29.093063,13.694979,19.668957
9382105.000000,246.000000,144.000000,-2.657270,17.011610,28.123676,13.689283,19.315125
9395958.000000,246.000000,144.000000,-2.644180,17.008278,27.215858,13.691132,18.971334
9416781.000000,246.000000,144.000000,-2.631090,17.013119,26.364937,13.700484,18.637346
9430673.000000,246.000000,144.000000,-2.618001,17.026360,25.566717,13.717214,18.312920
9451430.000000,246.000000,144.000000,-2.604911,17.048204,24.817408,13.741266,17.997860
9465221.000000,246.000000,144.000000,-2.591821,17.078819,24.113560,13.772590,17.691952
9479242.000000,246.000000,144.000000,-2.578731,17.118454,23.452105,13.811075,17.395029
9500152.000000,246.000000,144.000000,-2.565641,17.167320,22.830210,13.856720,17.106873
9513899.000000,246.000000,144.000000,-2.552551,17.225725,22.245308,13.909471,16.827330
9534755.000000,246.000000,144.000000,-2.539461,17.293879,21.695055,13.969275,16.556232
9548506.000000,246.000000,144.000000,-2.526371,17.372086,21.177311,14.036087,16.293421
9562434.000000,246.000000,144.000000,-2.513281,17.460644,20.690130,14.109894,16.038752
9583515.000000,246.000000,144.000000,-2.500191,17.559900,20.231720,14.190699,15.792074
9597149.000000,246.000000,144.000000,-2.487102,17.670204,19.800421,14.278471,15.553263
9618147.000000,246.000000,144.000000,-2.474012,17.791912,19.394709,14.373161,15.322200
9631701.000000,246.000000,144.000000,-2.460922,17.925409,19.013210,14.474837,15.098768
9645696.000000,246.000000,144.000000,-2.447832,18.071144,18.654617,14.583476,14.882849
9666461.000000,246.000000,144.000000,-2.434742,18.229567,18.317736,14.699048,14.674342
9680390.000000,246.000000,144.000000,-2.421652,18.401110,18.001459,14.821638,14.473142
9701217.000000,246.000000,144.000000,-2.408562,18.586334,17.704771,14.951218,14.279173
9715171.000000,246.000000,144.000000,-2.395472,18.785795,17.426735,15.087836,14.092351
9728916.000000,246.000000,144.000000,-2.382382,19.000053,17.166466,15.231509,13.912592
9749922.000000,246.000000,144.000000,-2.369292,19.229742,16.923128,15.382299,13.739825
9763609.000000,246.000000,144.000000,-2.356203,19.475550,16.695967,15.540237,13.574005
9784639.000000,246.000000,144.000000,-2.343113,19.738186,16.484304,15.705385,13.415034
9798235.000000,246.000000,144.000000,-2.330023,20.018431,16.287434,15.877785,13.262897
9812367.000000,246.000000,144.000000,-2.316933,20.317104,16.104774,16.057528,13.117524
9832994.000000,246.000000,144.000000,-2.303843,20.635111,15.935730,16.244656,12.978887
9847063.000000,246.000000,144.000000,-2.290753,20.973398,15.779766,16.439276,12.846934
9867738.000000,246.000000,144.000000,-2.277663,21.333008,15.636393,16.641443,12.721649
9881790.000000,246.000000,144.000000,-2.264573,21.715069,15.505135,16.851250,12.603009
9895458.000000,246.000000,144.000000,-2.251483,22.120754,15.385553,17.068838,12.490993
9916240.000000,246.000000,144.000000,-2.238394,22.551394,15.277232,17.294260,12.385574
9930147.000000,246.000000,144.000000,-2.225304,23.008371,15.179780,17.527628,12.286764
9950937.000000,246.000000,144.000000,-2.212214,23.493208,15.092855,17.769110,12.194556
9964720.000000,246.000000,144.000000,-2.199124,24.007601,15.016105,18.018780,12.108949
9978978.000000,246.000000,144.000000,-2.186034,24.553288,14.949212,18.276808,12.029957
9999509.000000,246.000000,144.000000,-2.172944,25.132236,14.891904,18.543312,11.957588
10013653.000000,246.000000,144.000000,-2.159854,25.746614,14.843863,18.818468,11.891870
10034185.000000,246.000000,144.000000,-2.146764,26.398701,14.804859,19.102413,11.832834
10047983.000000,246.000000,144.000000,-2.133674,27.091061,14.774642,19.395306,11.780507
10061947.000000,246.000000,144.000000,-2.120584,27.826477,14.752971,19.697386,11.734934
10082823.000000,246.000000,144.000000,-2.107495,28.608036,14.739647,20.008770,11.696166
10096611.000000,246.000000,144.000000,-2.094405,29.439081,14.734464,20.329700,11.664234
10117519.000000,246.000000,144.000000,-2.081315,30.323341,14.737230,20.660349,11.639219
10131208.000000,246.000000,144.000000,-2.068225,31.264893,14.747773,21.000965,11.621180
10145301.000000,246.000000,144.000000,-2.055135,32.268406,14.765919,21.351791,11.610190
10165944.000000,246.000000,144.000000,-2.042045,33.338799,14.791538,21.713036,11.606325
10179896.000000,246.000000,144.000000,-2.028955,34.481831,14.824484,22.084955,11.609687
10200646.000000,246.000000,144.000000,-2.015865,33.981991,14.864610,22.467848,11.620353
10214450.000000,246.000000,144.000000,-2.002775,33.389950,14.911808,22.861967,11.638444
10228548.000000,246.000000,144.000000,-1.989685,32.812531,14.965940,23.267605,11.664054
10249261.000000,246.000000,144.000000,-1.976595,32.249306,15.026940,23.685131,11.697321
10263158.000000,246.000000,144.000000,-1.963505,31.699835,15.094693,24.114799,11.738373
10283955.000000,246.000000,144.000000,-1.950415,31.163694,15.169106,24.556997,11.787332
10297671.000000,246.000000,144.000000,-1.937325,30.640501,15.250091,25.012085,11.844370
10311773.000000,246.000000,144.000000,-1.924235,30.129871,15.337600,25.480404,11.909622
10332745.000000,246.000000,144.000000,-1.911145,29.631456,15.431556,25.962393,11.983290
10346369.000000,246.000000,144.000000,-1.898055,29.144897,15.531882,26.458445,12.065519
10367594.000000,246.000000,144.000000,-1.884965,28.669868,15.638556,26.969046,12.156527
10381207.000000,246.000000,144.000000,-1.871875,28.206081,15.751511,27.494614,12.256515
10394900.000000,246.000000,144.000000,-1.858785,27.753218,15.870705,28.035660,12.365689
10415760.000000,246.000000,144.000000,-1.845695,27.311008,15.996119,28.592695,12.484296
10429614.000000,246.000000,144.000000,-1.832605,26.879166,16.127726,29.166271,12.612572
10450388.000000,246.000000,144.000000,-1.819515,26.457430,16.265484,29.756920,12.750793
10464324.000000,246.000000,144.000000,-1.806425,26.045572,16.409397,30.062569,12.899228
10478143.000000,246.000000,144.000000,-1.793335,25.643349,16.559452,29.042217,13.058171
10499199.000000,246.000000,144.000000,-1.780245,25.250536,16.715641,28.076036,13.227957
10512857.000000,246.000000,144.000000,-1.767155,24.866903,16.877960,27.160463,13.408892
10533865.000000,246.000000,144.000000,-1.754065,24.492266,17.046412,26.292297,13.601352
10547439.000000,246.000000,144.000000,-1.740975,24.126417,17.221022,25.468536,13.805689
10561577.000000,246.000000,144.000000,-1.727885,23.769171,17.401796,24.686478,14.022346
10582245.000000,246.000000,144.000000,-1.714795,23.420343,17.588758,23.943640,14.251689
10596324.000000,246.000000,144.000000,-1.701705,23.079782,17.781925,23.237738,14.494244
10616951.000000,246.000000,144.000000,-1.688615,22.747316,17.981363,22.566662,14.750425
10630873.000000,246.000000,144.000000,-1.675525,22.422791,18.187065,21.928469,15.020787
10644694.000000,246.000000,144.000000,-1.662435,22.106068,18.399099,21.321354,15.305844
10665661.000000,246.000000,144.000000,-1.649345,21.796997,18.617514,20.743681,15.606190
10679427.000000,246.000000,144.000000,-1.636255,21.495443,18.842352,20.193892,15.922451
10700420.000000,246.000000,144.000000,-1.623165,21.201294,19.073690,19.670549,16.255293
10713935.000000,246.000000,144.000000,-1.610075,20.914434,19.311565,19.172398,16.605406
10728082.000000,246.000000,144.000000,-1.596985,20.634739,19.556070,18.698139,16.973545
10748711.000000,246.000000,144.000000,-1.583895,20.362106,19.807257,18.246664,17.360493
10762852.000000,246.000000,144.000000,-1.570805,20.096443,20.065231,17.816893,17.767147
10783529.000000,246.000000,144.000000,-1.557715,19.837656,20.330069,17.407845,18.194382
10797183.000000,246.000000,144.000000,-1.544625,19.585661,20.601856,17.018585,18.643232
10811175.000000,246.000000,144.000000,-1.531535,19.340363,20.880705,16.648260,19.114706
10831922.000000,246.000000,144.000000,-1.518445,19.101690,21.166704,16.296051,19.609972
10845837.000000,246.000000,144.000000,-1.505355,18.869587,21.459984,15.961191,20.130243
10866678.000000,246.000000,144.000000,-1.492265,18.643972,21.760633,15.643000,20.676802
10880449.000000,246.000000,144.000000,-1.479175,18.424801,22.068806,15.340779,21.251097
10894413.000000,246.000000,144.000000,-1.466085,18.212004,22.384615,15.053928,21.854633
10915208.000000,246.000000,144.000000,-1.452995,18.005543,22.708206,14.781853,22.489044
10929084.000000,246.000000,144.000000,-1.439905,17.805368,23.039717,14.524002,23.156094
10949900.000000,246.000000,144.000000,-1.426815,17.611439,23.379295,14.279871,23.857750
10963685.000000,246.000000,144.000000,-1.413725,17.423742,23.727118,14.048964,24.596081
10977744.000000,246.000000,144.000000,-1.400635,17.242229,24.083351,13.830834,25.373329
10998435.000000,246.000000,144.000000,-1.387545,17.066895,24.448170,13.625043,26.191992
11012326.000000,246.000000,144.000000,-1.374455,16.897699,24.821751,13.431190,27.054747
11033299.000000,246.000000,144.000000,-1.361365,16.734648,25.204288,13.248907,27.964497
11047120.000000,246.000000,144.000000,-1.348275,16.577740,25.596006,13.077814,28.924490
11060947.000000,246.000000,144.000000,-1.335185,16.426954,25.997078,12.917597,29.938208
11081796.000000,246.000000,144.000000,-1.322095,16.282310,26.407774,12.767923,31.009516
11095586.000000,246.000000,144.000000,-1.309005,16.143805,26.828314,12.628503,32.142666
11116657.000000,246.000000,144.000000,-1.295915,16.011469,27.258930,12.499060,33.342316
11130173.000000,246.000000,144.000000,-1.282825,15.885313,27.699900,12.379310,34.613655
11144205.000000,246.000000,144.000000,-1.269735,15.765374,28.151461,12.269021,35.962452
11164960.000000,246.000000,144.000000,-1.256645,15.651665,28.613937,12.167957,37.395027
11178801.000000,246.000000,144.000000,-1.243555,15.544243,29.087599,12.075891,38.918503
11199633.000000,246.000000,144.000000,-1.230465,15.443141,29.572756,11.992631,39.208591
11213478.000000,246.000000,144.000000,-1.217375,15.348433,30.069740,11.917947,38.644749
11227481.000000,246.000000,144.000000,-1.204285,15.260158,30.578901,11.851706,38.097828
11248412.000000,246.000000,144.000000,-1.191195,15.178382,31.100565,11.793701,37.567287
11262010.000000,246.000000,144.000000,-1.178105,15.103182,31.635145,11.743787,37.052685
11283137.000000,246.000000,144.000000,-1.165015,15.034631,32.183006,11.701795,36.553631
11296606.000000,246.000000,144.000000,-1.151924,14.972822,32.744556,11.667625,36.069653
11310623.000000,246.000000,144.000000,-1.138834,14.917855,33.320248,11.641099,35.600403
11331514.000000,246.000000,144.000000,-1.125744,14.869838,33.910511,11.622122,35.145424
11345552.000000,246.000000,144.000000,-1.112654,14.828847,34.515858,11.610564,34.704449
11366104.000000,246.000000,144.000000,-1.099564,14.795057,35.136730,11.606346,34.277077
11380191.000000,246.000000,144.000000,-1.086474,14.768554,35.773682,11.609357,33.863071
11393883.000000,246.000000,144.000000,-1.073384,14.749496,36.427284,11.619508,33.462025
11414892.000000,246.000000,144.000000,-1.060294,14.738034,37.098103,11.636713,33.073711
11428568.000000,246.000000,144.000000,-1.047204,14.734341,37.786701,11.660898,32.697826
11449391.000000,246.000000,144.000000,-1.034114,14.738562,38.493782,11.691997,32.334114
11463132.000000,246.000000,144.000000,-1.021024,14.750906,39.219971,11.729959,31.982323
11477285.000000,246.000000,144.000000,-1.007934,14.771571,39.966030,11.774734,31.642208
11497939.000000,246.000000,144.000000,-0.994844,14.800762,40.732643,11.826256,31.313593
11512020.000000,246.000000,144.000000,-0.981754,14.838704,41.520664,11.884490,30.996227
11532623.000000,246.000000,144.000000,-0.968665,14.885648,42.330872,11.949411,30.689905
11546610.000000,246.000000,144.000000,-0.955575,14.941843,43.164207,12.020988,30.394464
11560345.000000,246.000000,144.000000,-0.942485,15.007580,44.021523,12.099199,30.109715
11581227.000000,246.000000,144.000000,-0.929395,15.083126,43.460899,12.184023,29.835520
11595025.000000,246.000000,144.000000,-0.916305,15.168829,42.632252,12.275455,29.571650
11615895.000000,246.000000,144.000000,-0.903215,15.265001,41.846298,12.373483,29.318020
11629580.000000,246.000000,144.000000,-0.890125,15.371989,41.100765,12.478105,29.074455
11644006.000000,246.000000,144.000000,-0.877035,15.490221,40.393375,12.589338,28.840887
11664463.000000,246.000000,144.000000,-0.863945,15.620071,39.722206,12.707190,28.617163
11678421.000000,246.000000,144.000000,-0.850855,15.761965,39.085388,12.831682,28.403172
11699174.000000,246.000000,144.000000,-0.837765,15.916397,38.481037,12.962843,28.198782
11712867.000000,246.000000,144.000000,-0.824675,16.083851,37.907711,13.100678,28.003958
11726848.000000,246.000000,144.000000,-0.811585,16.264864,37.363819,13.245247,27.818588
11747682.000000,246.000000,144.000000,-0.798495,16.460014,36.847939,13.396587,27.642569
11761528.000000,246.000000,144.000000,-0.785405,16.669899,36.358902,13.554733,27.475891
11782461.000000,246.000000,144.000000,-0.772315,16.895149,35.895386,13.719756,27.318439
11796172.000000,246.000000,144.000000,-0.759225,17.136511,35.456287,13.891685,27.170223
11810130.000000,246.000000,144.000000,-0.746135,17.394737,35.040588,14.070607,27.031149
11830938.000000,246.000000,144.000000,-0.733046,17.670624,34.647305,14.256581,26.901176
11844795.000000,246.000000,144.000000,-0.719956,17.965015,34.275459,14.449697,26.780317
11865655.000000,246.000000,144.000000,-0.706866,18.278896,33.924202,14.650031,26.668530
11879409.000000,246.000000,144.000000,-0.693776,18.613272,33.592781,14.857667,26.565773
11893346.000000,246.000000,144.000000,-0.680686,18.969229,33.280399,15.072710,26.472115
11914164.000000,246.000000,144.000000,-0.667596,19.347933,32.986347,15.295247,26.387505
11928041.000000,246.000000,144.000000,-0.654506,19.750671,32.709980,15.525394,26.311930
11948822.000000,246.000000,144.000000,-0.641416,20.178858,32.450661,15.763280,26.245483
11962626.000000,246.000000,144.000000,-0.628326,20.633953,32.207767,16.009016,26.188112
11976637.000000,246.000000,144.000000,-0.615236,21.117617,31.980827,16.262720,26.139921
11997439.000000,246.000000,144.000000,-0.602146,21.631590,31.769245,16.524561,26.100908
12011273.000000,246.000000,144.000000,-0.589056,22.177843,31.572561,16.794672,26.071135
12032251.000000,246.000000,144.000000,-0.575966,22.758516,31.390333,17.073210,26.050678
12046128.000000,246.000000,144.000000,-0.562876,23.375853,31.222134,17.360329,26.039587
12059887.000000,246.000000,144.000000,-0.549786,24.032467,31.067472,17.656210,26.037928
12080677.000000,246.000000,144.000000,-0.536696,24.731077,30.926130,17.961031,26.045837
12094802.000000,246.000000,144.000000,-0.523606,25.474810,30.797592,18.274994,26.063330
12115338.000000,246.000000,144.000000,-0.510516,26.267029,30.681599,18.598293,26.090565
12129305.000000,246.000000,144.000000,-0.497426,27.111452,30.577839,18.931139,26.127647
12143142.000000,246.000000,144.000000,-0.484336,28.012226,30.485973,19.273766,26.174723
12164181.000000,246.000000,144.000000,-0.471246,28.974012,30.405760,19.626404,26.231945
12177787.000000,246.000000,144.000000,-0.458156,30.001957,30.336935,19.989279,26.299389
12198828.000000,246.000000,144.000000,-0.445066,31.101717,30.279257,20.362679,26.377214
12212357.000000,246.000000,144.000000,-0.431976,32.279816,30.232456,20.746861,26.465666
12226512.000000,246.000000,144.000000,-0.418886,33.543476,30.196318,21.142120,26.564867
12247193.000000,246.000000,144.000000,-0.405796,34.900909,30.170721,21.548748,26.675060
12261232.000000,246.000000,144.000000,-0.392707,36.361382,30.155403,21.967085,26.796391
12281851.000000,246.000000,144.000000,-0.379617,37.935448,30.150196,22.397432,26.929115
12295872.000000,246.000000,144.000000,-0.366527,39.635181,30.154976,22.840151,27.073486
12309572.000000,246.000000,144.000000,-0.353437,41.474472,30.169542,23.295609,27.229731
12330484.000000,246.000000,144.000000,-0.340347,43.469296,30.193838,23.764212,27.398104
12344312.000000,246.000000,144.000000,-0.327257,43.810432,30.227636,24.246330,27.578913
12365114.000000,246.000000,144.000000,-0.314167,43.272247,30.270847,24.742407,27.772438
12378865.000000,246.000000,144.000000,-0.301077,42.748310,30.323400,25.252871,27.979074
12393215.000000,246.000000,144.000000,-0.287987,42.238266,30.385187,25.778234,28.199064
12413665.000000,246.000000,144.000000,-0.274897,41.741779,30.456087,26.318968,28.432775
12427740.000000,246.000000,144.000000,-0.261807,41.258511,30.536032,26.875628,28.680662
12448300.000000,246.000000,144.000000,-0.248717,40.788177,30.625008,27.448689,28.943089
12462340.000000,246.000000,144.000000,-0.235627,40.330475,30.722889,28.038822,29.220448
12476109.000000,246.000000,144.000000,-0.222537,39.885124,30.829628,28.646578,29.513256
12496893.000000,246.000000,144.000000,-0.209447,39.451839,30.945221,29.272623,29.821930
12510781.000000,246.000000,144.000000,-0.196357,39.030407,31.069595,29.917658,30.147070
12531620.000000,246.000000,144.000000,-0.183267,38.620602,31.202700,30.582369,30.489159
12545393.000000,246.000000,144.000000,-0.170177,38.222134,31.344553,31.267546,30.848782
12559340.000000,246.000000,144.000000,-0.157087,37.834866,31.495174,31.973974,31.226574
12580149.000000,246.000000,144.000000,-0.143997,37.458504,31.654474,32.702526,31.623087
12594067.000000,246.000000,144.000000,-0.130907,37.092903,31.822523,33.454060,32.039192
12614860.000000,246.000000,144.000000,-0.117817,36.737915,31.999311,34.229599,32.475441
12628642.000000,246.000000,144.000000,-0.104727,36.393288,32.184864,35.030090,32.932732
12642597.000000,246.000000,144.000000,-0.091637,36.058929,32.379185,35.856640,33.411819
12663402.000000,246.000000,144.000000,-0.078547,35.734612,32.582340,36.710381,33.913654
12677235.000000,246.000000,144.000000,-0.065457,35.420284,32.794300,37.592518,34.439102
12698170.000000,246.000000,144.000000,-0.052367,35.115742,33.015205,38.504383,34.989254
12711866.000000,246.000000,144.000000,-0.039278,34.820866,33.245037,39.447292,35.565060
12725798.000000,246.000000,144.000000,-0.026188,34.535557,33.483925,38.884422,36.167759
12746605.000000,246.000000,144.000000,-0.013098,34.259716,33.731838,38.160744,36.798515
12760505.000000,246.000000,144.000000,-0.000008,33.993195,33.988953,37.469387,37.458641
12781508.000000,246.000000,144.000000,0.013082,33.735920,34.255310,36.808773,38.149559
12795196.000000,246.000000,144.000000,0.026172,33.487816,34.531052,36.177547,38.872711
12809258.000000,246.000000,144.000000,0.039262,33.248825,34.816166,35.574425,39.629696
12829890.000000,246.000000,144.000000,0.052352,33.018833,35.110905,34.998169,40.422283
12843746.000000,246.000000,144.000000,0.065442,32.797798,35.415279,34.447643,41.252262
12864586.000000,246.000000,144.000000,0.078532,32.585651,35.729465,33.921818,42.121666
12878373.000000,246.000000,144.000000,0.091622,32.382397,36.053585,33.419621,43.032551
12892631.000000,246.000000,144.000000,0.104712,32.187920,36.387798,32.940189,43.987263
12913390.000000,246.000000,144.000000,0.117802,32.002239,36.732224,32.482552,44.988323
12927359.000000,246.000000,144.000000,0.130892,31.825294,37.087097,32.045959,46.038342
12947833.000000,246.000000,144.000000,0.130892,31.825294,37.087097,32.045959,46.038342
12961618.000000,246.000000,144.000000,0.130892,31.825294,37.087097,32.045959,46.038342
12975580.000000,246.000000,144.000000,0.130892,31.825294,37.087097,32.045959,46.038342
12996668.000000,246.000000,144.000000,0.130892,31.825294,37.087097,32.045959,46.038342
13010311.000000,246.000000,144.000000,0.130892,31.825294,37.087097,32.045959,46.038342
13031079.000000,246.000000,144.000000,0.130892,31.825294,37.087097,32.045959,46.038342
13044844.000000,246.000000,144.000000,0.130892,31.825294,37.087097,32.045959,46.038342
13059043.000000,246.000000,144.000000,0.130892,31.825294,37.087097,32.045959,46.038342
13079680.000000,246.000000,144.000000,0.130892,31.825294,37.087097,32.045959,46.038342
13093612.000000,246.000000,144.000000,0.130892,31.825294,37.087097,32.045959,46.038342
13114335.000000,246.000000,144.000000,0.130892,31.825294,37.087097,32.045959,46.038342
13128085.000000,246.000000,144.000000,0.130892,31.825294,37.087097,32.045959,46.038342
13142071.000000,246.000000,144.000000,0.130892,31.825294,37.087097,32.045959,46.038342
13162893.000000,246.000000,144.000000,0.130892,31.825294,37.087097,32.045959,46.038342
13176788.000000,246.000000,144.000000,0.130892,31.825294,37.087097,32.045959,46.038342
13197600.000000,246.000000,144.000000,0.130892,31.825294,37.087097,32.045959,46.038342
13211336.000000,246.000000,144.000000,0.130892,31.825294,37.087097,32.045959,46.038342
13225303.000000,246.000000,144.000000,0.130892,31.825294,37.087097,32.045959,46.038342
13246156.000000,246.000000,144.000000,0.130892,31.825294,37.087097,32.045959,46.038342
13260001.000000,246.000000,144.000000,0.130892,31.825294,37.087097,32.045959,46.038342
13280800.000000,246.000000,144.000000,0.130892,31.825294,37.087097,32.045959,46.038342
13294671.000000,246.000000,144.000000,0.130892,31.825294,37.087097,32.045959,46.038342
13308597.000000,246.000000,144.000000,0.130892,31.825294,37.087097,32.045959,46.038342
13329450.000000,246.000000,144.000000,0.130892,31.825294,37.087097,32.045959,46.038342
13343279.000000,246.000000,144.000000,0.130892,31.825294,37.087097,32.045959,46.038342
13364039.000000,246.000000,144.000000,0.130892,31.825294,37.087097,32.045959,46.038342
13377877.000000,246.000000,144.000000,0.130892,31.825294,37.087097,32.045959,46.038342
13391793.000000,246.000000,144.000000,0.130892,31.825294,37.087097,32.045959,46.038342
13412616.000000,246.000000,144.000000,0.130892,31.825294,37.087097,32.045959,46.038342
13426505.000000,246.000000,144.000000,0.130892,31.825294,37.087097,32.045959,46.038342
13447325.000000,246.000000,144.000000,0.130892,31.825294,37.087097,32.045959,46.038342
13461042.000000,246.000000,144.000000,0.130892,31.825294,37.087097,32.045959,46.038342
13475075.000000,246.000000,144.000000,0.130892,31.825294,37.087097,32.045959,46.038342
13495935.000000,246.000000,144.000000,0.130892,31.825294,37.087097,32.045959,46.038342
13509767.000000,246.000000,144.000000,0.130892,31.825294,37.087097,32.045959,46.038342
13530568.000000,246.000000,144.000000,0.130892,31.825294,37.087097,32.045959,46.038342
13544377.000000,246.000000,144.000000,0.130892,31.825294,37.087097,32.045959,46.038342
13558268.000000,246.000000,144.000000,0.130892,31.825294,37.087097,32.045959,46.038342
13579100.000000,246.000000,144.000000,0.130892,31.825294,37.087097,32.045959,46.038342
13592913.000000,246.000000,144.000000,0.130892,31.825294,37.087097,32.045959,46.038342
13613870.000000,246.000000,144.000000,0.130892,31.825294,37.087097,32.045959,46.038342
13627601.000000,246.000000,144.000000,0.130892,31.825294,37.087097,32.045959,46.038342
13641509.000000,246.000000,144.000000,0.130892,31.825294,37.087097,32.045959,46.038342
13662404.000000,246.000000,144.000000,0.130892,31.825294,37.087097,32.045959,46.038342
13676226.000000,246.000000,144.000000,0.130892,31.825294,37.087097,32.045959,46.038342
13697165.000000,246.000000,144.000000,0.130892,31.825294,37.087097,32.045959,46.038342
