time,x,y,z,ax,ay,az,aw
1526153118.54,0.0108714606613,0.0105379261076,0.0629828050733,0.00255150447053,-0.000878336386833,0.000212414244866,0.999996336608,
1526153118.63,0.0042926967144,0.0112583758309,0.106051445007,0.00237538465945,-0.000853558964162,9.1307295965e-05,0.999996810319,
1526153118.74,0.00778609421104,0.0126989139244,0.114842414856,0.00331691553007,-0.000993201962944,7.92861162357e-05,0.999994002649,
1526153118.84,0.00676975492388,0.015197112225,0.16298507154,0.0028700065128,-0.00143692861869,-5.27071762913e-05,0.999994847747,
1526153118.94,0.0125487307087,0.0160493142903,0.175850003958,0.00354951983155,-0.00129062879552,1.08405247889e-05,0.999992867509,
1526153119.03,0.00489359628409,0.0119998892769,0.229638412595,0.00227954014508,-0.00209188948037,0.000466419506017,0.999995105062,
1526153119.13,0.00960258021951,0.0110061066225,0.248650550842,0.00271564819612,-0.00227712736539,0.000959792254804,0.99999325935,
1526153119.24,0.000713246176019,0.0154554191977,0.297377586365,0.00223800548039,-0.00281305587273,0.000835037756764,0.999993190357,
1526153119.34,0.00462113972753,0.0148958237842,0.317063093185,0.00275549779239,-0.00302182175332,0.00134286654678,0.999990736224,
1526153119.45,-0.00994103960693,0.0216339975595,0.369721025229,0.00281540297568,-0.00334800390086,0.000196478834512,0.99999041284,
1526153119.55,-0.00995590910316,0.0233558956534,0.393448233604,0.00375088665521,-0.00335137980193,4.322485619e-05,0.999987348537,
1526153119.63,-0.00968555454165,0.0240216311067,0.446721822023,0.00314632892874,-0.0042041060939,-0.000298176044718,0.999986168503,
1526153119.75,-0.00980362575501,0.0259985420853,0.471098959446,0.0039982075369,-0.0042724602231,-0.000408497268523,0.999982796627,
1526153119.85,-0.0160587411374,0.0259508490562,0.520462632179,0.00288200812096,-0.00505710132346,-0.000171787176468,0.999983044979,
1526153119.95,-0.0151396105066,0.0280665531754,0.54487413168,0.00386007997244,-0.00509890479233,-0.000299500448065,0.999979505416,
1526153120.05,-0.0198557022959,0.0292413346469,0.598630547523,0.00324094090323,-0.00551098617022,8.59265039782e-05,0.999979558766,
1526153120.15,-0.0175531171262,0.0370787978172,0.622568130493,0.00559333626203,-0.00598655010311,-0.00107845839051,0.999965855784,
1526153120.25,-0.0222157333046,0.0373635850847,0.678679227829,0.00581851928358,-0.00694414555111,-0.00135948980661,0.999958036851,
1526153120.35,-0.0274548772722,0.0411090180278,0.707237482071,0.00652208239211,-0.00734821931875,-0.00198749780471,0.999949756721,
1526153120.45,-0.0464769639075,0.0311197433621,0.767692685127,0.00195357193533,-0.00613373985806,0.00123196129243,0.999978521301,
1526153120.56,-0.0536442995071,0.0377926379442,0.795772075653,0.00295533508906,-0.00580923998967,0.000846649763953,0.999978400721,
1526153120.64,-0.0505115091801,0.0343262515962,0.851494967937,0.00360634989617,-0.00720990579046,-2.37616522443e-05,0.999967504939,
1526153120.76,-0.0574652217329,0.040254611522,0.879737615585,0.00458745385972,-0.00693392273278,-0.000260526402977,0.999965403456,
1526153120.86,-0.0515633821487,0.03490267694,0.944796264172,0.00349101530514,-0.0081171147106,0.000231684585751,0.999960935029,
1526153120.96,-0.0534681305289,0.0396175645292,0.975492537022,0.00446690218784,-0.00784957592639,-0.000115360775121,0.999959207985,
1526153121.05,-0.0539803244174,0.0394944697618,1.03756284714,0.00352947396313,-0.00905004570018,0.000163010055339,0.999952805343,
1526153121.16,-0.0568740516901,0.0438498854637,1.06917798519,0.00449584064988,-0.00872584970385,-3.48578686225e-05,0.999951821714,
1526153121.26,-0.0590213648975,0.0411890335381,1.12980520725,0.00343203978702,-0.009838215296,0.000402075319077,0.999945633001,
1526153121.36,-0.0616283714771,0.0456430763006,1.16177940369,0.00440183897157,-0.00962787973469,0.000170171364725,0.999943947823,
1526153121.45,-0.0649433806539,0.0432031713426,1.21867692471,0.00337412741759,-0.0110195656027,0.000429832277282,0.99993349763,
1526153121.57,-0.0684835463762,0.0475178286433,1.2514193058,0.00427048011805,-0.0109869713482,0.000178112862415,0.999930506453,
1526153121.66,-0.0752465501428,0.0457053259015,1.3100965023,0.00287712513747,-0.0119606824814,0.000419815941648,0.99992424112,
1526153121.75,-0.078300178051,0.0500772073865,1.34017920494,0.00386988287267,-0.0119753265287,0.000161761636495,0.99992079156,
1526153121.87,-0.0836474820971,0.0518506616354,1.40213775635,0.00286831000055,-0.013394566392,0.000314743935785,0.999906125256,
1526153121.97,-0.089299954474,0.056809052825,1.43927168846,0.00371211021398,-0.0138462075976,0.000161980140292,0.999897232987,
1526153122.07,-0.0949760749936,0.0514887906611,1.50639390945,0.0027861310039,-0.0145160436762,0.000258701108882,0.999890721541,
1526153122.17,-0.100213997066,0.0518161170185,1.54727995396,0.00270011794076,-0.0152601559571,0.000181381441066,0.999879894839,
1526153122.26,-0.102304197848,0.0429472289979,1.60128593445,0.00149783515463,-0.0144649777087,0.000457118097773,0.999894150374,
1526153122.37,-0.105113349855,0.0435717329383,1.63572204113,0.0015913277389,-0.0140043620681,0.000682341356433,0.999900435008,
1526153122.46,-0.107494227588,0.0439079925418,1.69417667389,0.00157635040141,-0.0148094060103,0.000607181107064,0.999888907801,
1526153122.56,-0.110539332032,0.0446360222995,1.72928273678,0.0016707029005,-0.0144563303454,0.000847462080758,0.999893746892,
1526153122.68,-0.111751995981,0.0416868329048,1.78895640373,0.00140615872639,-0.0164123938651,0.000249626584965,0.999864287657,
1526153122.77,-0.113283790648,0.0376021452248,1.8240429163,0.00105615011707,-0.0166417278,0.000351900802943,0.999860897129,
1526153122.88,-0.123789921403,0.0399284400046,1.88406479359,0.00112745489329,-0.0175826167401,1.14430932764e-05,0.999844778105,
1526153122.98,-0.126026466489,0.0363918058574,1.91908657551,0.000818418683921,-0.0179544872334,0.00018769022597,0.999838452627,
1526153123.08,-0.136529147625,0.0439875759184,1.97548449039,0.00157633162132,-0.0194763676654,3.12328460944e-05,0.999809074427,
1526153123.17,-0.139726817608,0.0411493964493,2.01105976105,0.00135957014803,-0.0199722558479,0.000173800709956,0.999799595098,
1526153123.28,-0.157488495111,0.0487376451492,2.07945418358,0.00198529652475,-0.0227422381908,-8.3558734541e-05,0.999739387149,
1526153123.38,-0.169709354639,0.0470715761185,2.1176469326,0.00196984591977,-0.0238841937318,0.000404122293824,0.999712709573,
1526153123.48,-0.18774291873,0.0499186292291,2.18334674835,0.00266409417726,-0.0272079141564,0.00027966724213,0.999626207037,
1526153123.58,-0.19585506618,0.0500838235021,2.22201418877,0.00301344017026,-0.0289091444983,0.000657190727701,0.999577284978,
1526153123.67,-0.214666604996,0.0539526380599,2.28834915161,0.00302836069136,-0.0320719234627,0.000273768773147,0.999480938191,
1526153123.78,-0.224181637168,0.0542342104018,2.32751345634,0.00342876617342,-0.0338339401725,0.000671807683471,0.999421360953,
1526153123.88,-0.247103661299,0.0560772940516,2.39299607277,0.00261143196248,-0.0377187577217,0.000470269736412,0.999284871588,
1526153123.97,-0.257282286882,0.0565149895847,2.43145251274,0.00298700555135,-0.0397073448313,0.000882768678555,0.999206497819,
1526153124.08,-0.290071696043,0.0617112591863,2.49536061287,0.00200931417158,-0.0436653686789,0.000791757397342,0.999043878593,
1526153124.19,-0.301043361425,0.062138594687,2.53390717506,0.00240398056013,-0.0458171860081,0.0011618490751,0.998946273055,
1526153124.27,-0.328178375959,0.0623198077083,2.59768819809,0.00192263665902,-0.0503953273489,0.000863302980118,0.998727124473,
1526153124.39,-0.343316972256,0.0644636005163,2.63453173637,0.00296884103336,-0.0528357405018,0.00112899156374,0.998598165373,
1526153124.49,-0.37648999691,0.0670449510217,2.70081591606,0.00285121408425,-0.0567193870541,0.000607226965633,0.99838590384,
1526153124.58,-0.391500502825,0.0692121908069,2.73699879646,0.0039175501873,-0.0592696329371,0.000842889863729,0.998233967038,
1526153124.69,-0.41699436307,0.0671559199691,2.79793810844,0.00262739980258,-0.063093091704,0.000636638162164,0.998003984582,
1526153124.79,-0.426668971777,0.0668072924018,2.83460903168,0.00268554418801,-0.0665432167273,0.00105368596792,0.997779373362,
1526153124.9,-0.45710465312,0.0680439844728,2.88611578941,0.0011571372622,-0.0700081412008,0.000972363060889,0.997545275017,
1526153124.98,-0.468941122293,0.0686125457287,2.92222237587,0.00136016437134,-0.0734425988881,0.00132610347592,0.997297636652,
1526153125.09,-0.502956986427,0.0712026134133,2.96504473686,0.00229000302514,-0.0775407917341,0.000777307651048,0.996986247295,
1526153125.19,-0.516292452812,0.0726681649685,2.99344325066,0.00359698072422,-0.0814941580092,0.00115440656543,0.996666660065,
1526153125.29,-0.556268692017,0.071065440774,3.03887724876,0.00251847195475,-0.0852424701877,0.000692935892685,0.996356812801,
1526153125.39,-0.56533396244,0.0715245306492,3.06360936165,0.00326764229846,-0.0900857137886,0.00117749899499,0.995927959333,
1526153125.5,-0.604956746101,0.073280133307,3.10956645012,0.00191189526117,-0.0948113177117,0.000900298895524,0.995493017631,
1526153125.59,-0.621356070042,0.0749167129397,3.13628363609,0.0030240264325,-0.0993473722164,0.00122606101096,0.99504746202,
1526153125.7,-0.661852836609,0.0768250748515,3.18573045731,0.00214215353669,-0.103068793417,0.000801991800685,0.994671599982,
1526153125.79,-0.679158449173,0.0781456679106,3.21265172958,0.00313579710595,-0.107609648945,0.00112219588433,0.994187643711,
1526153125.9,-0.718724012375,0.0783838033676,3.25549459457,0.00206287179047,-0.110996958671,0.00049055710945,0.99381848397,
1526153126.0,-0.737079441547,0.0798777937889,3.28236865997,0.00297636008772,-0.115434188399,0.000765485142913,0.993310376198,
1526153126.1,-0.767216920853,0.0840844064951,3.32528066635,0.00179731678135,-0.118941886198,0.000514789993236,0.992899457323,
1526153126.21,-0.785902380943,0.0859074294567,3.35196328163,0.00274236928209,-0.123419563871,0.000763221083238,0.992350496628,
1526153126.28,-0.826420783997,0.0850382447243,3.39889597893,0.00147977415212,-0.127252075599,0.000441751099579,0.991869207295,
1526153126.41,-0.846761703491,0.0870116278529,3.42558765411,0.00236417744336,-0.131755434641,0.000637472863283,0.991279228944,
1526153126.5,-0.88693523407,0.0871446952224,3.47156047821,0.00178238266031,-0.135974075055,0.00024451067821,0.99071076215,
1526153126.6,-0.907089471817,0.0894956067204,3.49816298485,0.00271521422894,-0.140453006261,0.000390137317487,0.99008354619,
1526153126.71,-0.95513600111,0.0903421640396,3.54191946983,0.00146196875149,-0.144076225982,0.000125334539308,0.989565504676,
1526153126.8,-0.976228475571,0.0927119925618,3.56811904907,0.00225482763119,-0.148569582692,0.000253244841069,0.988899353179,
1526153126.91,-1.01226294041,0.0917760580778,3.60581493378,0.00110722381804,-0.151784581909,2.54384723674e-05,0.988412977506,
1526153127.01,-1.03411209583,0.0939389765263,3.63144087791,0.00185430590676,-0.156167044039,0.000200270749352,0.987728897926,
1526153127.09,-1.07301270962,0.0942645594478,3.66692972183,0.00102499203216,-0.15908544342,0.000147201856916,0.987264275366,
1526153127.2,-1.09523773193,0.096472337842,3.69217967987,0.00171217126147,-0.163490682168,0.000332714415071,0.98654333641,
1526153127.32,-1.13289701939,0.0949694812298,3.72909426689,0.000949943395252,-0.166553244768,1.53247186122e-05,0.986032004567,
1526153127.41,-1.1558355093,0.0970664843917,3.75388240814,0.0015342664364,-0.17092788749,0.000211370237189,0.985282324325,
1526153127.52,-1.19117796421,0.0995435863733,3.78798985481,0.00103389730375,-0.174194965987,3.41030105151e-05,0.984710639588,
1526153127.62,-1.21468305588,0.104163944721,3.81101536751,0.00246616291269,-0.178289546034,0.00077552734285,0.983974671611,
1526153127.7,-1.2521032095,0.0993323251605,3.84400057793,0.00233593323317,-0.181408180321,0.000784233221431,0.983404799921,
1526153127.81,-1.27531325817,0.103359252214,3.86731696129,0.00362727193244,-0.185477790464,0.00145469330802,0.982640685098,
1526153127.92,-1.30926632881,0.101470299065,3.90157413483,0.00201814727699,-0.188555156585,0.000903508385347,0.98206011205,
1526153128.02,-1.33260154724,0.105519071221,3.92425966263,0.00325587428284,-0.192520691274,0.00157618063255,0.981286246907,
1526153128.12,-1.3660197258,0.103458896279,3.9505648613,0.00136784540858,-0.194911430631,0.00124290493853,0.980819105848,
1526153128.22,-1.38942325115,0.106657616794,3.97346162796,0.00239170471298,-0.198851253936,0.00197134026719,0.98002478151,
1526153128.3,-1.41749286652,0.105024076998,4.00025653839,0.00118983629623,-0.201092372945,0.00129756393212,0.97957070095,
1526153128.42,-1.44028830528,0.108049072325,4.02236795425,0.00209095791413,-0.204891608423,0.00201162723458,0.978780368647,
1526153128.53,-1.46425044537,0.106138147414,4.03836107254,0.00092565053889,-0.206547942664,0.00132873628327,0.978435140933,
1526153128.63,-1.48639261723,0.109078019857,4.05962324142,0.00178559067018,-0.210339740853,0.00202159000952,0.97762463055,
1526153128.73,-1.51158094406,0.108031898737,4.07998991013,0.00065833906069,-0.212037515404,0.00147448352404,0.97726019286,
1526153128.83,-1.53287601471,0.110460802913,4.10130977631,0.00130151850855,-0.215590500226,0.00217819437911,0.976480567001,
1526153128.91,-1.55636405945,0.109765537083,4.12115812302,0.000692703939568,-0.217239920986,0.00131470468955,0.976117107955,
1526153129.03,-1.57711434364,0.112117081881,4.1412115097,0.00125090829129,-0.220732673345,0.00198761564112,0.975331518782,
1526153129.13,-1.60353696346,0.111610740423,4.1556596756,1.37750638339e-05,-0.222078281107,0.00153794686936,0.975027626065,
1526153129.22,-1.62393546104,0.113969475031,4.17471647263,0.000529436858142,-0.225488709279,0.00215878399824,0.974243245466,
1526153129.33,-1.64196014404,0.111805662513,4.18676900864,-0.000501146526167,-0.226602607508,0.00150103165125,0.97398601326,
1526153129.43,-1.66232061386,0.113859795034,4.20434188843,-2.13864332576e-05,-0.229894585062,0.00210130303972,0.973213267392,
1526153129.53,-1.66988182068,0.10797829181,4.21753978729,-0.00181614931408,-0.230701323588,0.00144716390353,0.973021842824,
1526153129.62,-1.68267071247,0.106374710798,4.23249530792,-0.00212729540618,-0.233750719611,0.0020017654516,0.972292172462,
1526153129.73,-1.69925236702,0.108984343708,4.24871587753,-0.00213391537768,-0.234707964889,0.00132169246712,0.972062688695,
1526153129.84,-1.71214616299,0.107525132596,4.2636051178,-0.00246478014541,-0.237562293767,0.00181200466604,0.971367488687,
1526153129.94,-1.73614954948,0.108887501061,4.28007650375,-0.00245439748665,-0.238423461828,0.00131235830249,0.971157302654,
1526153130.04,-1.74897241592,0.107878506184,4.29397916794,-0.00266041917132,-0.241177837441,0.00173492719284,0.970475740513,
1526153130.14,-1.76878702641,0.110939435661,4.30461502075,-0.00226189085998,-0.242134962846,0.00112833501898,0.970239285165,
1526153130.23,-1.78212761879,0.109844446182,4.31835460663,-0.00246940797587,-0.244699021118,0.00160028581047,0.969594621568,
1526153130.33,-1.79953336716,0.110287934542,4.32940387726,-0.00271759775481,-0.245124191292,0.00129806814308,0.969487008951,
1526153130.43,-1.81239271164,0.109155423939,4.34242296219,-0.00298694066531,-0.247574370555,0.00178907797564,0.968862636512,
1526153130.54,-1.81993448734,0.11192856729,4.34567260742,-0.00298293111537,-0.247870466721,0.00132200850006,0.968787688889,
1526153130.64,-1.83280241489,0.110576324165,4.35770845413,-0.00344094214574,-0.250287772033,0.00174689713815,0.968163797835,
1526153130.74,-1.84162080288,0.11044088006,4.36166238785,-0.00329037632611,-0.250171274005,0.00112678648234,0.968195350866,
1526153130.85,-1.85499882698,0.109416134655,4.37280035019,-0.00366600217706,-0.252362690763,0.00153735564911,0.967624549749,
1526153130.92,-1.87047064304,0.112282752991,4.38130092621,-0.00290702259111,-0.252648401584,0.00108291763092,0.967553182872,
1526153131.05,-1.88318419456,0.110967800021,4.3927488327,-0.00326433654078,-0.254841465291,0.00142312710005,0.966976290498,
1526153131.14,-1.89547169209,0.114108771086,4.40378046036,-0.00263874696455,-0.255289276372,0.00100511424052,0.966860596016,
1526153131.25,-1.90801036358,0.113159812987,4.41449403763,-0.00297271847786,-0.257307406877,0.00137280079766,0.966324053684,
1526153131.35,-1.92420446873,0.115691527724,4.42927694321,-0.00276754233424,-0.257536188742,0.001356500944,0.966263738377,
1526153131.44,-1.93728613853,0.114693202078,4.44024133682,-0.00310213961512,-0.259367344511,0.0017494442008,0.965772176435,
1526153131.54,-1.9549728632,0.118624322116,4.45192289352,-0.00251741262307,-0.259829512039,0.00141626478528,0.965650185886,
1526153131.65,-1.96862542629,0.11752935499,4.46259212494,-0.00284304437662,-0.261467621046,0.00180130021178,0.965206379776,
1526153131.74,-1.98524618149,0.118604384363,4.48041963577,-0.00275547106688,-0.262144343529,0.001712890518,0.965023220726,
1526153131.85,-1.99841248989,0.117940239608,4.49118757248,-0.00307115167339,-0.263624612329,0.00214435931365,0.964618076507,
1526153131.95,-2.01968502998,0.118764348328,4.51000785828,-0.00306147603825,-0.264771220889,0.00180027353671,0.964304716865,
1526153132.05,-2.03351449966,0.118166461587,4.52107954025,-0.00339751851276,-0.26617575048,0.00219484831911,0.963916028171,
1526153132.16,-2.05241346359,0.123101077974,4.53843593597,-0.00342405844337,-0.267533695461,0.00185457599181,0.963540636488,
1526153132.24,-2.06619787216,0.122695699334,4.54994487762,-0.00377090786057,-0.268862540747,0.00226248104636,0.963168518805,
1526153132.36,-2.08651280403,0.12592202425,4.56740951538,-0.00325420363158,-0.270227068371,0.00196236878211,0.962789120621,
1526153132.46,-2.0989253521,0.125700429082,4.5786819458,-0.00346180746169,-0.271562337201,0.00237524505718,0.962411695229,
1526153132.56,-2.11898803711,0.125984430313,4.59694290161,-0.00332720104972,-0.272917841101,0.00195827424119,0.962029597728,
1526153132.65,-2.1316716671,0.126013472676,4.60787677765,-0.0035120463413,-0.274218114286,0.00228166212362,0.961658403668,
1526153132.76,-2.14847779274,0.12609179318,4.6225476265,-0.00320147133797,-0.27545809127,0.00173655847613,0.961306181661,
1526153132.86,-2.16113710403,0.126776218414,4.63310337067,-0.0031677723151,-0.276812507965,0.00195109830427,0.960916746585,
1526153132.96,-2.18207478523,0.129232153296,4.64922523499,-0.00308002655605,-0.278092751389,0.00161875204337,0.960547924209,
1526153133.05,-2.19458317757,0.129798740149,4.66046857834,-0.00311720667445,-0.279500471279,0.00178458089862,0.960138836236,
1526153133.15,-2.21843695641,0.131514415145,4.68123435974,-0.00322294133218,-0.281373962178,0.00164011713366,0.959591379741,
1526153133.25,-2.23155522346,0.132362723351,4.6922082901,-0.0031366860672,-0.282855987665,0.00177883865223,0.959155611554,
1526153133.37,-2.26580095291,0.128234028816,4.72206640244,-0.00369471633762,-0.284983987411,0.0017259905791,0.958523602707,
1526153133.47,-2.27890086174,0.128680378199,4.73403596878,-0.00377906410229,-0.286500313339,0.00192745911678,0.958070756277,
1526153133.57,-2.31910657883,0.130526870489,4.76227712631,-0.00390791125887,-0.288936841176,0.00181941797818,0.957338456221,
1526153133.67,-2.33297324181,0.131463840604,4.77470064163,-0.00381026572347,-0.29054115607,0.00200469612861,0.95685280984,
1526153133.76,-2.37374067307,0.128260761499,4.80610466003,-0.00385097244857,-0.293331670644,0.00178791235448,0.95600130982,
1526153133.86,-2.39212989807,0.13059283793,4.82350969315,-0.00385501319123,-0.295427494143,0.00212841561482,0.955355014863,
1526153133.97,-2.44042038918,0.136832103133,4.85990190506,-0.0037214399271,-0.298663451185,0.00199050002669,0.954349166564,
1526153134.07,-2.45979738235,0.138950154185,4.87696838379,-0.00371274026771,-0.300790111569,0.00231452329431,0.953680327638,
1526153134.17,-2.50431013107,0.137281194329,4.90650653839,-0.0040667737711,-0.303480617691,0.00218324820633,0.952826431972,
1526153134.27,-2.52396535873,0.139693036675,4.92359542847,-0.00401084423782,-0.305640438561,0.00247670313649,0.952135337747,
1526153134.37,-2.57654285431,0.137783169746,4.95563983917,-0.00449709165073,-0.308759438126,0.00240627458705,0.951126487581,
1526153134.48,-2.59667181969,0.139307498932,4.97331237793,-0.00463693662186,-0.311061438931,0.00284522858814,0.950374234027,
1526153134.57,-2.64800214767,0.137150213122,5.00941705704,-0.00446525984874,-0.314264802484,0.00238764811953,0.949321860335,
1526153134.67,-2.66845726967,0.13910369575,5.0273141861,-0.00457743580965,-0.316635161136,0.0027619350077,0.948532336575,
1526153134.77,-2.71652197838,0.141753360629,5.05434989929,-0.00454180030439,-0.319154113838,0.00266208389292,0.947688206627,
1526153134.88,-2.7377140522,0.143895596266,5.07221746445,-0.00457648393689,-0.321543982005,0.00301195918628,0.946878794531,
1526153134.97,-2.78033018112,0.146452918649,5.10054636002,-0.00466231276014,-0.323975850515,0.00289347690509,0.946049437881,
1526153135.08,-2.80112171173,0.149593099952,5.11758327484,-0.00430826927119,-0.326510861249,0.00328932733253,0.945177907395,
1526153135.18,-2.8451397419,0.149666011333,5.14039802551,-0.00377747325065,-0.328721116742,0.00299604612752,0.944414729772,
1526153135.27,-2.86617803574,0.152725353837,5.15744972229,-0.00339261169651,-0.331150443723,0.00326384830118,0.943566225075,
1526153135.38,-2.90381169319,0.151370093226,5.18187189102,-0.00394118668703,-0.333225261719,0.00317111003356,0.942833673593,
1526153135.47,-2.92511510849,0.154371574521,5.19825553894,-0.00347883209747,-0.335710206001,0.00354595207317,0.941952218288,
1526153135.58,-2.96572041512,0.153971984982,5.22278690338,-0.00374506785981,-0.337828176872,0.00311445888933,0.941195196293,
1526153135.67,-2.98714065552,0.156537815928,5.23932743073,-0.00333810599894,-0.340293337554,0.00344927807242,0.9403070796,
1526153135.77,-3.02230000496,0.152099564672,5.26183795929,-0.00339866565335,-0.342226333516,0.00299429381431,0.939606630417,
1526153135.88,-3.04374456406,0.155168533325,5.27825498581,-0.00291433377379,-0.344605757378,0.00339375719358,0.938736843345,
1526153135.99,-3.0833337307,0.15237313509,5.30378770828,-0.00372767688777,-0.346575132881,0.00351008490809,0.938008241434,
1526153136.08,-3.10525012016,0.155784666538,5.3197426796,-0.00325407885659,-0.348867398014,0.00405161141884,0.937157688982,
1526153136.17,-3.1452729702,0.153081685305,5.33972120285,-0.00405438665164,-0.351134200546,0.00377856751915,0.936308740525,
1526153136.29,-3.1671833992,0.156692355871,5.35523891449,-0.0034484352883,-0.353505398748,0.00428494414565,0.935416314057,
1526153136.38,-3.20328164101,0.156798511744,5.37405252457,-0.00379308946854,-0.355552996354,0.00390872402913,0.934640252253,
1526153136.48,-3.22566890717,0.160163760185,5.3892326355,-0.00320325541472,-0.357943251998,0.00432528261626,0.933727829421,
1526153136.59,-3.27132368088,0.156113043427,5.40752363205,-0.00352025496105,-0.361046493239,0.00371867011745,0.932533757575,
1526153136.68,-3.29403972626,0.159647837281,5.42239761353,-0.00293751080508,-0.363518249048,0.00415379397133,0.931573185335,
1526153136.8,-3.34172487259,0.155506327748,5.43838834763,-0.00464015151891,-0.366898435174,0.0038653565902,0.930241402153,
1526153136.89,-3.36511421204,0.158757388592,5.4534201622,-0.0041929576724,-0.369564248179,0.00422615352217,0.929186109022,
1526153137.0,-3.41755270958,0.153307288885,5.47440958023,-0.00441164254434,-0.372825759875,0.00389773880432,0.927882696151,
1526153137.09,-3.44130468369,0.156723558903,5.48923635483,-0.00398623378849,-0.375638820344,0.00430834300768,0.926747551802,
1526153137.18,-3.49321889877,0.145952180028,5.50494766235,-0.00437451671175,-0.379027955765,0.00381527089712,0.925367016951,
1526153137.29,-3.51781988144,0.149453505874,5.51887559891,-0.00386526450311,-0.381747429743,0.00410629981515,0.92424947818,
1526153137.38,-3.56788468361,0.152392670512,5.5370426178,-0.00488887366666,-0.385266069609,0.00434754129525,0.922782343463,
1526153137.5,-3.5923781395,0.155611082911,5.5500998497,-0.00463198947443,-0.388161094397,0.0046892613351,0.921567968355,
1526153137.58,-3.63502812386,0.152654960752,5.56103420258,-0.00481103170353,-0.391149109551,0.00408764800365,0.920305666181,
1526153137.69,-3.65963411331,0.155520886183,5.57332134247,-0.00455064077755,-0.394003840455,0.00435005615536,0.919087233285,
1526153137.78,-3.70246291161,0.154497921467,5.57874679565,-0.00489292666648,-0.39677239782,0.00407290886962,0.917894947698,
1526153137.9,-3.72751641273,0.156828641891,5.59025478363,-0.00486756786416,-0.399644798649,0.00417846741195,0.916647632466,
1526153138.01,-3.75946092606,0.151698037982,5.59499740601,-0.0063661857106,-0.402165540825,0.00441812296416,0.915534177211,
1526153138.1,-3.78487539291,0.153752878308,5.60520076752,-0.00639113693519,-0.404841525107,0.00445388161567,0.914353682038,
1526153138.2,-3.81346106529,0.1561229527,5.60220193863,-0.00399917258426,-0.407354987102,0.00363657206778,0.913253905793,
1526153138.3,-3.83803296089,0.157932311296,5.61151838303,-0.00395172306704,-0.410010861197,0.00376854846172,0.912064293582,
1526153138.4,-3.860247612,0.157763704658,5.61477565765,-0.00518039616395,-0.41250152331,0.00405995644301,0.910933133394,
1526153138.51,-3.88377332687,0.159504130483,5.62381839752,-0.00519259788363,-0.415357364001,0.00405256096191,0.909634472657,
1526153138.61,-3.91040682793,0.155849546194,5.62426567078,-0.00529736381476,-0.417185793624,0.0037161838751,0.908798185249,
1526153138.7,-3.93336868286,0.157286018133,5.63213443756,-0.0054304886902,-0.419853581592,0.00359197176911,0.907568497446,
1526153138.8,-3.96380209923,0.15785895288,5.63560724258,-0.005256947123,-0.422181173417,0.00364351090998,0.90648891121,
1526153138.91,-3.98627877235,0.158809766173,5.64241743088,-0.00540678372435,-0.424810142768,0.00350162875161,0.90525954725,
1526153139.0,-4.01673698425,0.160012587905,5.64191675186,-0.0051260824647,-0.42702815859,0.00371586317661,0.904216161883,
1526153139.1,-4.03872585297,0.160723924637,5.64777374268,-0.00524223685534,-0.429595333712,0.00344364736366,0.902999728405,
1526153139.22,-4.06328296661,0.160383924842,5.64347934723,-0.00430841990512,-0.431626185898,0.00217134783887,0.902039665654,
1526153139.32,-4.07987785339,0.159845799208,5.64882659912,-0.00458786075325,-0.433807861736,0.000894632827993,0.900993279809,
1526153139.42,-4.11480283737,0.16739565134,5.65414476395,-0.00487835927343,-0.436424320594,0.002037358512,0.899725437662,
1526153139.52,-4.13185548782,0.166940301657,5.65897464752,-0.00511284464097,-0.438624048232,0.000857190902348,0.898655700675,
1526153139.59,-4.16410398483,0.16353186965,5.65677928925,-0.00520659854893,-0.441182889232,0.00222692259114,0.897399348337,
1526153139.71,-4.18140411377,0.163337051868,5.66096401215,-0.00537370072887,-0.443459278651,0.0012212506929,0.896277579808,
1526153139.82,-4.22062015533,0.166165217757,5.66237974167,-0.00483913705101,-0.446047006828,0.00241387384853,0.894993197553,
1526153139.92,-4.23857688904,0.166002318263,5.6663146019,-0.00503995937299,-0.448188917787,0.00157034562172,0.893923277914,
1526153140.0,-4.27832698822,0.167044043541,5.6706700325,-0.00511791109911,-0.451255891644,0.00266700069496,0.892375937792,
1526153140.12,-4.29660749435,0.166954055429,5.67406892776,-0.00526110188379,-0.453539171565,0.00188570883863,0.8912188198,
1526153140.22,-4.33630943298,0.170348078012,5.67669153214,-0.00486387490179,-0.456602254113,0.00271671946239,0.889653496422,
1526153140.32,-4.35525226593,0.170448079705,5.67993450165,-0.00495009336719,-0.458941521901,0.00195176313346,0.888450542614,
1526153140.41,-4.40045690536,0.16963416338,5.68647527695,-0.00488500937761,-0.463533581091,0.00453684673692,0.886054271987,
1526153140.53,-4.42064332962,0.173704683781,5.69149398804,-0.00454075430455,-0.466812648229,0.00509756161335,0.884329886337,
1526153140.63,-4.46904706955,0.174194961786,5.69183731079,-0.00551321640797,-0.469888309204,0.0053540445705,0.882692424078,
1526153140.73,-4.49036073685,0.177917614579,5.69658041,-0.00521131972181,-0.473042571088,0.00572557283255,0.881005553842,
1526153140.83,-4.53160953522,0.180891558528,5.69388008118,-0.0050079895813,-0.475648432089,0.0052311616362,0.879605663943,
1526153140.93,-4.55331993103,0.184224873781,5.6982922554,-0.00477691606225,-0.478664368197,0.00557216591376,0.877967285643,
1526153141.02,-4.5895524025,0.182053506374,5.70062637329,-0.00559119239239,-0.48100214254,0.00558480720939,0.876683801246,
1526153141.13,-4.61128854752,0.185230821371,5.70463657379,-0.00539732659015,-0.483982284575,0.0058827739416,0.875041376196,
1526153141.23,-4.64760351181,0.186008110642,5.7050447464,-0.00552223221192,-0.486241552853,0.00577250782195,0.873787923574,
1526153141.32,-4.66976308823,0.189241915941,5.70850372314,-0.00521619830962,-0.48901927376,0.00609129835122,0.872236113246,
1526153141.44,-4.70937347412,0.18232652545,5.70362281799,-0.00500043937411,-0.491482775482,0.00543666908378,0.870855969515,
1526153141.54,-4.73190832138,0.184896439314,5.70694065094,-0.00490150375391,-0.494294304669,0.0056914934242,0.869262171347,
1526153141.63,-4.77742242813,0.183726325631,5.70874166489,-0.00555374498259,-0.497857953063,0.00574987817697,0.867221744071,
1526153141.74,-4.80015563965,0.185865625739,5.71203327179,-0.00572060215478,-0.500761842681,0.00609759672528,0.865544724979,
1526153141.82,-4.85141706467,0.18027305603,5.70435476303,-0.00538023683895,-0.504425829682,0.00564360872381,0.863419819718,
1526153141.94,-4.87494564056,0.182178780437,5.70676851273,-0.00555553630899,-0.507446287731,0.00590047291471,0.861645278235,
1526153142.04,-4.93096208572,0.181871384382,5.6999297142,-0.00519842908129,-0.511528774558,0.00561044479647,0.859232106036,
1526153142.13,-4.95550537109,0.183505788445,5.70174694061,-0.00543442793311,-0.514658282252,0.0057907916323,0.857358610055,
1526153142.22,-5.01282548904,0.17633241415,5.69750928879,-0.00611462266265,-0.51922673878,0.00566849456258,0.854595853778,
1526153142.34,-5.04256057739,0.176730930805,5.69514989853,-0.00644982250769,-0.522188302378,0.00569982137446,0.852786777973,
1526153142.43,-5.10855102539,0.172537177801,5.68811559677,-0.00631341076941,-0.526743135383,0.00532812430969,0.849984365305,
1526153142.55,-5.13845300674,0.172965317965,5.68488550186,-0.0064770629955,-0.529779744836,0.00537702396197,0.84809348378,
1526153142.63,-5.19829130173,0.172219380736,5.67798471451,-0.00554440195109,-0.534306427282,0.00502930454507,0.845257716597,
1526153142.75,-5.22719478607,0.17257244885,5.67444944382,-0.00576772095506,-0.537299236653,0.00509845914393,0.843356549391,
1526153142.83,-5.2718706131,0.174412041903,5.66901397705,-0.00551155009128,-0.540634793139,0.00533653607644,0.841222422815,
1526153142.94,-5.30011510849,0.174835383892,5.66500043869,-0.00560055972329,-0.543715945729,0.00543023929115,0.839233052609,
1526153143.03,-5.33639621735,0.173559218645,5.65802240372,-0.00521180697917,-0.546607041456,0.00531714354601,0.837356141246,
1526153143.14,-5.36372470856,0.174125641584,5.65395021439,-0.00510601692073,-0.549571222802,0.00533204440937,0.835414249915,
1526153143.24,-5.39776563644,0.17327696085,5.65337276459,-0.00489210890691,-0.551809836829,0.00526817677816,0.833938977122,
1526153143.34,-5.42390012741,0.173875108361,5.64912128448,-0.00472328834667,-0.55473971863,0.00526940397258,0.831993851241,
1526153143.45,-5.45208692551,0.176477879286,5.64952421188,-0.00471274425623,-0.556135876986,0.00549816113116,0.831059833342,
1526153143.54,-5.47749757767,0.177217125893,5.64520120621,-0.00449337823252,-0.558896863584,0.00555900930256,0.829206369273,
1526153143.64,-5.50281095505,0.172457292676,5.64535522461,-0.00532766961759,-0.560199964614,0.00596548860936,0.828318796435,
1526153143.75,-5.52710771561,0.173190712929,5.64120674133,-0.00502902190941,-0.562900311234,0.00602368748261,0.826487546028,
1526153143.85,-5.55212593079,0.176518082619,5.64590263367,-0.00579336606928,-0.563879024329,0.00666725442437,0.82581016617,
1526153143.95,-5.57513904572,0.177148267627,5.64243030548,-0.00554200808803,-0.566532486048,0.00678440483429,0.823992839927,
1526153144.05,-5.60000133514,0.175662428141,5.64401292801,-0.00583410854078,-0.567602164686,0.00667575160443,0.823255233911,
1526153144.14,-5.62227916718,0.176386237144,5.64088535309,-0.00561888798747,-0.570237309838,0.00683277184039,0.821432378102,
1526153144.25,-5.65288591385,0.183259725571,5.63901376724,-0.00554383815788,-0.571285373013,0.0069792651834,0.820703099968,
1526153144.35,-5.67512178421,0.184258460999,5.63592481613,-0.00516638583307,-0.573920550731,0.00694825531534,0.818865209698,
1526153144.45,-5.71042823792,0.182906985283,5.63339757919,-0.00557316308984,-0.575364945284,0.00702820806022,0.817847616542,
1526153144.55,-5.73207330704,0.184067040682,5.6303024292,-0.00512340174468,-0.577982873439,0.00706648252385,0.816002214207,
1526153144.66,-5.76772403717,0.189867377281,5.62666654587,-0.0052251904566,-0.57912937803,0.00762193980856,0.815183271983,
1526153144.76,-5.78927564621,0.191118642688,5.62322092056,-0.00463773268243,-0.581786965015,0.00748865354372,0.813293513341,
1526153144.85,-5.83133602142,0.188111066818,5.6233754158,-0.00547121865851,-0.583138108294,0.00744609512322,0.812320483608,
1526153144.96,-5.85299491882,0.189397916198,5.62015485764,-0.00492563550604,-0.585777462734,0.00743179002864,0.810422896249,
1526153145.06,-5.89262628555,0.187923386693,5.61927986145,-0.00565071796612,-0.587093918117,0.00779130674307,0.809461608871,
1526153145.17,-5.91658401489,0.194056853652,5.61672115326,-0.00528476366307,-0.589561183241,0.00917568502976,0.807654312991,
1526153145.26,-5.95742988586,0.20074865222,5.61654376984,-0.00542982688951,-0.590650143148,0.0101485436564,0.806845668292,
1526153145.37,-5.98129701614,0.206280380487,5.61397171021,-0.0050213068012,-0.593150934273,0.0113192752462,0.804996043255,
1526153145.46,-6.01851081848,0.207040220499,5.61410570145,-0.0051457404818,-0.594362206501,0.0104819582403,0.804112689484,
1526153145.57,-6.04197072983,0.212673574686,5.61146450043,-0.00473428559866,-0.596833697153,0.0117278700902,0.802265281279,
1526153145.66,-6.08086156845,0.213107451797,5.60742998123,-0.00579598568076,-0.597793650313,0.0109764053069,0.801553913796,
1526153145.77,-6.10370826721,0.218295291066,5.60522699356,-0.00532548050813,-0.600092034929,0.0119765903468,0.799823574393,
1526153145.85,-6.14086818695,0.213471993804,5.60577535629,-0.00605682086334,-0.601396047467,0.0110720762169,0.798851374249,
1526153145.97,-6.16380691528,0.218597635627,5.60344982147,-0.00555331165715,-0.603693262079,0.0120779538609,0.797105845594,
1526153146.06,-6.20477581024,0.209056302905,5.60219240189,-0.00596754653638,-0.605367893955,0.0111420024611,0.795845435457,
1526153146.16,-6.22797107697,0.214065253735,5.59976196289,-0.0054405391075,-0.607660748143,0.0120357912516,0.794086868944,
1526153146.28,-6.27093362808,0.206943526864,5.59885597229,-0.00605354235637,-0.60925414365,0.0116406048281,0.792866470088,
1526153146.37,-6.29442358017,0.211532324553,5.5957736969,-0.00548929429296,-0.611549072393,0.0123666765927,0.79109080706,
1526153146.46,-6.34376335144,0.212373539805,5.58788537979,-0.0056932239835,-0.613419437655,0.0116308647272,0.789651127837,
1526153146.58,-6.36788654327,0.216712847352,5.58409976959,-0.00506973007891,-0.615707239622,0.0122040853922,0.787864171805,
1526153146.66,-6.41952419281,0.212284967303,5.58035469055,-0.00578950311498,-0.617863960969,0.011708346701,0.786176520895,
1526153146.78,-6.4445567131,0.216051086783,5.57661724091,-0.00525115816014,-0.620180601616,0.0121486080372,0.784347409023,
1526153146.86,-6.49851369858,0.217741727829,5.56872940063,-0.0062932641795,-0.622108467103,0.012266763332,0.78280966812,
1526153146.97,-6.52399253845,0.221016138792,5.56488132477,-0.00576180154119,-0.624375343883,0.0126482354002,0.781000802647,
1526153147.07,-6.57033348083,0.219662830234,5.55602216721,-0.00674565178815,-0.625827609481,0.012719223009,0.779828520098,
1526153147.18,-6.59608888626,0.222774997354,5.55238056183,-0.00625066480888,-0.62809559802,0.0130993979281,0.778000806369,
1526153147.28,-6.64464521408,0.223060652614,5.5459280014,-0.00720520197765,-0.629210970092,0.0132778355305,0.777087729451,
1526153147.38,-6.6714758873,0.22617302835,5.54205656052,-0.00672782126973,-0.631338679316,0.0136005528026,0.775358777201,
1526153147.49,-6.72245693207,0.21912381053,5.5448307991,-0.00758084090011,-0.631778173352,0.0132475346803,0.774998950549,
1526153147.59,-6.74934482574,0.22252446413,5.54100036621,-0.00703160623623,-0.633764393444,0.0135687493318,0.77337516068,
1526153147.69,-6.80271720886,0.221246823668,5.54242372513,-0.00675930458612,-0.634293566652,0.0124406930741,0.772962620222,
1526153147.79,-6.82965040207,0.224504843354,5.53860282898,-0.00616926738125,-0.636224111786,0.0127281236483,0.771374626618,
1526153147.88,-6.88145446777,0.224319055676,5.53690862656,-0.00691630261227,-0.636773297124,0.0128522341907,0.77091293471,
1526153147.98,-6.90861415863,0.227582067251,5.53328990936,-0.00622791220999,-0.638623041187,0.0131174095049,0.769382712272,
1526153148.08,-6.95873832703,0.226319938898,5.534304142,-0.00800032814742,-0.639427556806,0.0135137132475,0.768690948237,
1526153148.18,-6.98637580872,0.229774445295,5.53060388565,-0.00729583560392,-0.641237929921,0.013787282868,0.767183549644,
1526153148.27,-7.04546499252,0.221887677908,5.52754020691,-0.00804243568461,-0.642300473662,0.0133700638236,0.766294109435,
1526153148.4,-7.07367801666,0.225711271167,5.52401781082,-0.00730421348844,-0.644211474948,0.0136888549205,0.764690028222,
1526153148.48,-7.1238155365,0.222762659192,5.52204799652,-0.00751869486455,-0.645158995314,0.0132118906439,0.763897104288,
1526153148.59,-7.15296792984,0.226413324475,5.51805925369,-0.00677798526366,-0.646934602742,0.0134767620392,0.762396258894,
1526153148.69,-7.20823764801,0.229062974453,5.51983690262,-0.00792925142243,-0.647719094104,0.0135091409709,0.761718192782,
1526153148.79,-7.23725748062,0.232461392879,5.51602172852,-0.00715468106289,-0.649306349703,0.0137695174435,0.760368644253,
1526153148.88,-7.28785848618,0.228471934795,5.5080037117,-0.00770197460156,-0.650170927765,0.0130536136975,0.759636786527,
1526153148.99,-7.31641292572,0.231835737824,5.50451517105,-0.00687384994147,-0.651741228681,0.0133453434544,0.758292834486,
1526153149.09,-7.36433982849,0.227522149682,5.50494241714,-0.00765068581918,-0.652891032644,0.0136232790126,0.757290679177,
1526153149.19,-7.39258241653,0.230760782957,5.50158214569,-0.00675104716935,-0.654459032708,0.0138691562858,0.75594010634,
1526153149.29,-7.44672346115,0.224442839622,5.50023365021,-0.00653464148555,-0.655865789866,0.0123019512367,0.754748982205,
1526153149.39,-7.47494697571,0.227635353804,5.4965596199,-0.00563790785986,-0.657417500126,0.0126324097819,0.753399539917,
1526153149.5,-7.53037595749,0.221367135644,5.49218893051,-0.00630111549228,-0.658461299665,0.0124452103002,0.752485301868,
1526153149.59,-7.55880403519,0.224394097924,5.48828935623,-0.00537103936154,-0.659952862224,0.0126409441189,0.75118145485,
1526153149.71,-7.61045455933,0.225340798497,5.4779510498,-0.00622460693603,-0.660833600218,0.0124787805282,0.750402883209,
1526153149.81,-7.63896942139,0.228266462684,5.47399377823,-0.00530786223057,-0.662383034055,0.012598774238,0.749040595483,
1526153149.9,-7.67447042465,0.228761970997,5.47486257553,-0.0044523615175,-0.663718125816,0.0133586516632,0.747850233915,
1526153150.0,-7.70269536972,0.231463417411,5.47062969208,-0.00360569700917,-0.665284983347,0.0134262258868,0.746460063459,
1526153150.11,-7.75315761566,0.223571419716,5.46475839615,-0.00491717375714,-0.66610079494,0.0135708403011,0.745722055914,
1526153150.2,-7.78215312958,0.2264136374,5.46012401581,-0.00409159491992,-0.667417968049,0.0137195243183,0.744545693311,
1526153150.29,-7.82536554337,0.222211763263,5.44851016998,-0.00372966975789,-0.667979001118,0.0135747986661,0.744046953135,
1526153150.41,-7.85404109955,0.225065141916,5.44384765625,-0.00290076747071,-0.669246991386,0.0137490814002,0.742907136073,
1526153150.5,-7.8941321373,0.221716627479,5.44575071335,-0.00214650387903,-0.670190772563,0.0144365858669,0.742045352982,
1526153150.61,-7.92253112793,0.224295794964,5.44144058228,-0.00134111923947,-0.671476532017,0.0145248222443,0.74088224293,
1526153150.7,-7.97632884979,0.212402462959,5.43745803833,-0.00254087058414,-0.672145266825,0.0141300749367,0.740280099181,
1526153150.81,-8.00456428528,0.215064451098,5.43340921402,-0.00174508090771,-0.673465678882,0.0141561466212,0.7390808735,
1526153150.9,-8.05516529083,0.205042049289,5.43068122864,-0.00177837180065,-0.673800858295,0.0141720520076,0.738774927631,
1526153151.02,-8.08392238617,0.207612738013,5.42673015594,-0.00101387106122,-0.675077480886,0.0142880035224,0.737607768276,
1526153151.12,-8.14268016815,0.193975374103,5.43131399155,-0.00278746150375,-0.675272941934,0.0140711419722,0.737428428333,
1526153151.21,-8.17640399933,0.193453341722,5.42811107635,-0.00296809759411,-0.676064534826,0.0132001597773,0.736718189628,
1526153151.3,-8.23847103119,0.192952394485,5.43074131012,-0.00642340816264,-0.676726433145,0.0139052838822,0.736075211911,
1526153151.42,-8.27143478394,0.192432850599,5.42792987823,-0.00658252629721,-0.677511117746,0.0130117816896,0.735367968582,
1526153151.51,-8.32805919647,0.194602414966,5.42882633209,-0.0071707098813,-0.677527488787,0.0141185424421,0.73532696783,
1526153151.61,-8.36107540131,0.194229543209,5.42686843872,-0.00724260199191,-0.678260238086,0.013373203066,0.734664380236,
1526153151.71,-8.41111755371,0.185952365398,5.43156290054,-0.00613767895826,-0.677749199968,0.0145377921951,0.735123801437,
1526153151.81,-8.44405937195,0.185843035579,5.43023777008,-0.00613535551408,-0.678417484439,0.0139783659265,0.734517991275,
1526153151.91,-8.49476146698,0.176912516356,5.43527173996,-0.00584074552213,-0.677558844342,0.0158631756899,0.735274273862,
1526153152.03,-8.52777862549,0.177010282874,5.43474149704,-0.00567578256729,-0.678197314139,0.0153640503605,0.734697308109,
1526153152.12,-8.5936870575,0.162329882383,5.44234514236,-0.00804666878735,-0.677524258084,0.0147752181084,0.735307978849,
1526153152.22,-8.62728500366,0.162299498916,5.44222354889,-0.00796566553844,-0.678061032551,0.0142169387473,0.734824919938,
1526153152.3,-8.68408584595,0.152191981673,5.44241094589,-0.00701505566304,-0.677650436891,0.0133765523548,0.735229040655,
1526153152.42,-8.71781826019,0.152699872851,5.44242191315,-0.006764853318,-0.678278348158,0.0129798598391,0.734659269606,
1526153152.52,-8.77390670776,0.143080279231,5.44584274292,-0.00672643119547,-0.677604691781,0.0135402177471,0.735270901984,
1526153152.62,-8.80802726746,0.143887981772,5.44581413269,-0.00627690448316,-0.678192392044,0.0130480792795,0.734741742023,
1526153152.71,-8.85454559326,0.138514354825,5.44716024399,-0.00587697675231,-0.677657868707,0.0126137881158,0.735245650428,
1526153152.83,-8.88814258575,0.139844194055,5.44674777985,-0.00531619484243,-0.678244559769,0.0123320574223,0.734713533002,
1526153152.92,-8.93772602081,0.133411720395,5.44560050964,-0.00686284990791,-0.679178382567,0.012808857965,0.733829380103,
1526153153.01,-8.97139835358,0.134878471494,5.44496822357,-0.00625048890846,-0.679773168217,0.0125724213496,0.733288009844,
1526153153.13,-9.01938247681,0.129729539156,5.4491109848,-0.0075707826144,-0.68056693055,0.0130058959786,0.732531352887,
1526153153.24,-9.05249214172,0.131244957447,5.44864225388,-0.00698507234736,-0.681189943003,0.0129327612715,0.73195916143,
1526153153.32,-9.10430526733,0.125524520874,5.4492764473,-0.00833342490568,-0.681095705032,0.0126103757272,0.732038368557,
1526153153.43,-9.13745975494,0.127013877034,5.44847249985,-0.00772008800216,-0.681783516395,0.0125253081608,0.731406011507,
1526153153.52,-9.19192218781,0.119201950729,5.44867658615,-0.00916029538572,-0.682191599736,0.0125161346736,0.731008930596,
1526153153.62,-9.22391033173,0.121099554002,5.45045375824,-0.00862210157015,-0.68279493662,0.012334453553,0.730455060319,
1526153153.72,-9.26604175568,0.118470191956,5.4406414032,-0.00641229688439,-0.683435065857,0.0143250933395,0.729842575427,
1526153153.83,-9.29806041718,0.120533391833,5.44197750092,-0.00579181994202,-0.683979020358,0.0141436338383,0.729341560693,
1526153153.93,-9.34735584259,0.113775834441,5.44577932358,-0.00603149251889,-0.684482652267,0.0154143840522,0.728841214948,
1526153154.04,-9.37881946564,0.115834161639,5.44711637497,-0.00536045586838,-0.68509708046,0.0152411571732,0.728272588381,
1526153154.13,-9.43006038666,0.107553765178,5.44080209732,-0.0058692530497,-0.68569123095,0.0161450927144,0.727689785313,
1526153154.22,-9.4616651535,0.109933555126,5.44239711761,-0.00521094996527,-0.6863355902,0.0160452941599,0.727089301366,
1526153154.34,-9.50495910645,0.1066275388,5.44291877747,-0.00395446706966,-0.687004496196,0.0166765729358,0.726451014393,
1526153154.45,-9.53678894043,0.108610264957,5.44391059875,-0.0033476372994,-0.68765611253,0.0166387366364,0.725838147708,
1526153154.53,-9.57860660553,0.105367064476,5.4325594902,-0.0018899002583,-0.688574862546,0.0177915604254,0.724944513272,
1526153154.64,-9.61058998108,0.107023581862,5.43303489685,-0.00132256073236,-0.689213243062,0.0178341828513,0.7243378344,
1526153154.73,-9.66498184204,0.0959776043892,5.42552375793,-0.00142634787706,-0.689828704738,0.0174701167955,0.723760401425,
1526153154.83,-9.69724655151,0.0976112186909,5.42556715012,-0.000865044375714,-0.690496380769,0.0175704623094,0.723121897537,
1526153154.94,-9.7458524704,0.0891728028655,5.42718744278,-0.0008568932964,-0.691631085146,0.0179657430062,0.722026966167,
1526153155.04,-9.77900505066,0.0909689515829,5.42703914642,-0.000232731001534,-0.692381559129,0.0180674721476,0.721305267459,
1526153155.13,-9.82770633698,0.0846624150872,5.41896152496,0.000509103517226,-0.693300693447,0.0189860965183,0.720398096485,
1526153155.24,-9.86098766327,0.0864224135876,5.41844367981,0.00119441203665,-0.694072960447,0.0191386759022,0.719649227083,
1526153155.34,-9.9069108963,0.0798563435674,5.41001319885,0.00286451577908,-0.694679484923,0.0189172944313,0.719064909273,
1526153155.43,-9.940325737,0.0816279351711,5.40970897675,0.0034721353445,-0.695440241804,0.0190861000929,0.718322027463,
1526153155.55,-9.99258327484,0.0711504220963,5.40453624725,0.00300610627236,-0.696252571833,0.0185553493135,0.717550708001,
1526153155.64,-10.026140213,0.0732486620545,5.40411043167,0.00374367146526,-0.697035308176,0.0187272539886,0.716782431452,
1526153155.74,-10.0594167709,0.076927177608,5.40059518814,0.00869888309249,-0.698085617538,0.0198599382267,0.715685952686,
1526153155.85,-10.0930128098,0.0787122920156,5.3998632431,0.00946059027474,-0.698883457147,0.0200689208394,0.714891354665,
1526153155.95,-10.1262226105,0.0814012736082,5.38848733902,0.013950445398,-0.699354307447,0.0212337755502,0.714323501297,
1526153156.05,-10.1586446762,0.083025611937,5.38788366318,0.0147130676593,-0.700229697863,0.0215135685444,0.71344170206,
1526153156.15,-10.2101564407,0.0609314963222,5.37816143036,0.00769981269553,-0.700311068746,0.0181193058379,0.713566262258,
1526153156.25,-10.2411108017,0.0623068809509,5.37744665146,0.00841475740899,-0.701240649346,0.0184445073385,0.712636333421,
1526153156.35,-10.2633237839,0.0711595863104,5.36666822433,0.0119052918011,-0.70154435646,0.0199144923083,0.712247985566,
1526153156.46,-10.2932386398,0.0718531087041,5.36572980881,0.012647089933,-0.702527655127,0.0202644021114,0.711255438577,
1526153156.55,-10.3045558929,0.0902663916349,5.35938835144,0.0151443756114,-0.702166653725,0.0212266841676,0.711535006984,
1526153156.67,-10.3330774307,0.0906326919794,5.35896015167,0.015788393678,-0.703081227918,0.0217498077057,0.710601477229,
1526153156.74,-10.3539848328,0.0921110287309,5.35033035278,0.014205402577,-0.702686904979,0.0215224296586,0.711031718793,
1526153156.87,-10.3750619888,0.0935964882374,5.34882164001,0.0149169301183,-0.703780386371,0.0220603960737,0.70991829944,
1526153156.97,-10.3854045868,0.098534502089,5.34225034714,0.0168110865078,-0.703102928427,0.0220103231464,0.710548524087,
1526153157.06,-10.3997173309,0.0998238399625,5.33950471878,0.0174370175976,-0.704050506437,0.022404381916,0.709582185849,
