<application>
  <component name="FileTypeManager" version="17">
    <ignoreFiles list="*$py.class;*.hprof;*.pyc;*.pyo;*.rbc;*.yarb;*~;.DS_Store;.git;.hg;.svn;CVS;__pycache__;_svn;vssver.scc;vssver2.scc;" />
    <extensionMap>
      <mapping ext="jinja2" type="HTML" />
      <mapping pattern="delme" type="PLAIN_TEXT" />
      <mapping pattern="old_creatures" type="PLAIN_TEXT" />
      <removed_mapping pattern="jinja2" approved="true" type="HTML" />
      <removed_mapping ext="jinja2" approved="true" type="PLAIN_TEXT" />
    </extensionMap>
  </component>
</application>