<application>
  <component name="ProjectJdkTable">
    <jdk version="2">
      <name value="Python 3.7 (dndFightSim)" />
      <type value="Python SDK" />
      <version value="Python 3.7.6" />
      <homePath value="C:\Users\kris\repos\dndFightSim\venv\Scripts\python.exe" />
      <roots>
        <classPath>
          <root type="composite">
            <root url="file://$USER_HOME$/repos/codefiles/lib" type="simple" />
            <root url="file://$USER_HOME$/repos/dndFightSim/venv/Scripts" type="simple" />
            <root url="file://$USER_HOME$/AppData/Local/Programs/Python/Python37/DLLs" type="simple" />
            <root url="file://$USER_HOME$/AppData/Local/Programs/Python/Python37/Lib" type="simple" />
            <root url="file://$USER_HOME$/AppData/Local/Programs/Python/Python37" type="simple" />
            <root url="file://$USER_HOME$/repos/dndFightSim/venv" type="simple" />
            <root url="file://$USER_HOME$/repos/dndFightSim/venv/Lib/site-packages" type="simple" />
            <root url="jar://$USER_HOME$/repos/dndFightSim/venv/Lib/site-packages/setuptools-40.8.0-py3.7.egg!/" type="simple" />
            <root url="file://$USER_HOME$/repos/dndFightSim/venv/Lib/site-packages/pip-19.0.3-py3.7.egg" type="simple" />
            <root url="file://$USER_HOME$/.PyCharmCE2019.3/system/python_stubs/-1087939100" type="simple" />
            <root url="file://$APPLICATION_HOME_DIR$/plugins/python-ce/helpers/python-skeletons" type="simple" />
            <root url="file://$APPLICATION_HOME_DIR$/plugins/python-ce/helpers/typeshed/stdlib/3" type="simple" />
            <root url="file://$APPLICATION_HOME_DIR$/plugins/python-ce/helpers/typeshed/stdlib/2and3" type="simple" />
            <root url="file://$APPLICATION_HOME_DIR$/plugins/python-ce/helpers/typeshed/third_party/3" type="simple" />
            <root url="file://$APPLICATION_HOME_DIR$/plugins/python-ce/helpers/typeshed/third_party/2and3" type="simple" />
          </root>
        </classPath>
        <sourcePath>
          <root type="composite" />
        </sourcePath>
      </roots>
      <additional ASSOCIATED_PROJECT_PATH="$USER_HOME$/repos/dndFightSim" />
    </jdk>
    <jdk version="2">
      <name value="Python 3.7 (octoprint-venv)" />
      <type value="Python SDK" />
      <version value="Python 3.7.6" />
      <homePath value="C:\Users\kris\repos\OctoPrint\venv\Scripts\python.exe" />
      <roots>
        <classPath>
          <root type="composite">
            <root url="file://$USER_HOME$/AppData/Local/Programs/Python/Python37/DLLs" type="simple" />
            <root url="file://$USER_HOME$/AppData/Local/Programs/Python/Python37/Lib" type="simple" />
            <root url="file://$USER_HOME$/AppData/Local/Programs/Python/Python37" type="simple" />
            <root url="file://$USER_HOME$/repos/OctoPrint/venv" type="simple" />
            <root url="file://$USER_HOME$/repos/OctoPrint/venv/Lib/site-packages" type="simple" />
            <root url="file://$USER_HOME$/repos/OctoPrint/src" type="simple" />
            <root url="file://$USER_HOME$/.PyCharmCE2019.3/system/python_stubs/-66545087" type="simple" />
            <root url="file://$APPLICATION_HOME_DIR$/plugins/python-ce/helpers/python-skeletons" type="simple" />
            <root url="file://$APPLICATION_HOME_DIR$/plugins/python-ce/helpers/typeshed/stdlib/3" type="simple" />
            <root url="file://$APPLICATION_HOME_DIR$/plugins/python-ce/helpers/typeshed/stdlib/2and3" type="simple" />
            <root url="file://$APPLICATION_HOME_DIR$/plugins/python-ce/helpers/typeshed/third_party/3" type="simple" />
            <root url="file://$APPLICATION_HOME_DIR$/plugins/python-ce/helpers/typeshed/third_party/2and3" type="simple" />
          </root>
        </classPath>
        <sourcePath>
          <root type="composite" />
        </sourcePath>
      </roots>
      <additional />
    </jdk>
    <jdk version="2">
      <name value="Python 3.7 SYSTEM" />
      <type value="Python SDK" />
      <version value="Python 3.7.6" />
      <homePath value="C:\Users\kris\AppData\Local\Programs\Python\Python37\python.exe" />
      <roots>
        <classPath>
          <root type="composite">
            <root url="file://$USER_HOME$/repos/codefiles/lib" type="simple" />
            <root url="file://$USER_HOME$/AppData/Local/Programs/Python/Python37" type="simple" />
            <root url="file://$USER_HOME$/AppData/Local/Programs/Python/Python37/DLLs" type="simple" />
            <root url="file://$USER_HOME$/AppData/Local/Programs/Python/Python37/Lib" type="simple" />
            <root url="file://$USER_HOME$/AppData/Roaming/Python/Python37/site-packages" type="simple" />
            <root url="file://$USER_HOME$/AppData/Roaming/Python/Python37/site-packages/win32" type="simple" />
            <root url="file://$USER_HOME$/AppData/Roaming/Python/Python37/site-packages/win32/lib" type="simple" />
            <root url="file://$USER_HOME$/AppData/Roaming/Python/Python37/site-packages/pythonwin" type="simple" />
            <root url="file://$USER_HOME$/AppData/Local/Programs/Python/Python37/Lib/site-packages" type="simple" />
            <root url="file://$USER_HOME$/.PyCharmCE2019.3/system/python_stubs/-84603531" type="simple" />
            <root url="file://$APPLICATION_HOME_DIR$/plugins/python-ce/helpers/python-skeletons" type="simple" />
            <root url="file://$APPLICATION_HOME_DIR$/plugins/python-ce/helpers/typeshed/stdlib/3" type="simple" />
            <root url="file://$APPLICATION_HOME_DIR$/plugins/python-ce/helpers/typeshed/stdlib/2and3" type="simple" />
            <root url="file://$APPLICATION_HOME_DIR$/plugins/python-ce/helpers/typeshed/third_party/3" type="simple" />
            <root url="file://$APPLICATION_HOME_DIR$/plugins/python-ce/helpers/typeshed/third_party/2and3" type="simple" />
          </root>
        </classPath>
        <sourcePath>
          <root type="composite" />
        </sourcePath>
      </roots>
      <additional />
    </jdk>
    <jdk version="2">
      <name value="Python 3.7 (venvfitbit)" />
      <type value="Python SDK" />
      <version value="Python 3.7.6" />
      <homePath value="C:\Users\kris\repos\fitbit\venvfitbit\Scripts\python.exe" />
      <roots>
        <classPath>
          <root type="composite">
            <root url="file://$USER_HOME$/repos/codefiles/lib" type="simple" />
            <root url="file://$USER_HOME$/repos/fitbit/venvfitbit/Scripts" type="simple" />
            <root url="file://$USER_HOME$/AppData/Local/Programs/Python/Python37/DLLs" type="simple" />
            <root url="file://$USER_HOME$/AppData/Local/Programs/Python/Python37/Lib" type="simple" />
            <root url="file://$USER_HOME$/AppData/Local/Programs/Python/Python37" type="simple" />
            <root url="file://$USER_HOME$/repos/fitbit/venvfitbit" type="simple" />
            <root url="file://$USER_HOME$/repos/fitbit/venvfitbit/Lib/site-packages" type="simple" />
            <root url="file://$USER_HOME$/.PyCharmCE2019.3/system/python_stubs/1505347325" type="simple" />
            <root url="file://$APPLICATION_HOME_DIR$/plugins/python-ce/helpers/python-skeletons" type="simple" />
            <root url="file://$APPLICATION_HOME_DIR$/plugins/python-ce/helpers/typeshed/stdlib/3" type="simple" />
            <root url="file://$APPLICATION_HOME_DIR$/plugins/python-ce/helpers/typeshed/stdlib/2and3" type="simple" />
            <root url="file://$APPLICATION_HOME_DIR$/plugins/python-ce/helpers/typeshed/third_party/3" type="simple" />
            <root url="file://$APPLICATION_HOME_DIR$/plugins/python-ce/helpers/typeshed/third_party/2and3" type="simple" />
          </root>
        </classPath>
        <sourcePath>
          <root type="composite" />
        </sourcePath>
      </roots>
      <additional />
    </jdk>
  </component>
</application>